county_id,county_desc,cbs_region,party,county_total_reg,county_total_party_reg,county_pct_black,county_pct_party_black,county_pct_white,county_pct_party_white,county_pct_nonwhite,county_pct_party_nonwhite,county_avg_age,county_avg_party_age,county_pct_una,county_pct_party_election_day_lag,county_pct_party_absentee_lag,county_pct_party_early_lag,county_pct_party_turnout_lag
1,ALAMANCE,4,Democrat,130037,43959,0.2064027930512085,0.466866853204122,0.6547751793720249,0.39773425237152804,0.3452248206279751,0.602265747628472,52.17233556603121,54.58418071384699,0.3350584833547375,0.28544905280382654,0.006576877084775631,0.16977154005916043,0.46985335766882746
1,ALAMANCE,4,Republican,130037,41669,0.2064027930512085,0.015335141232091003,0.6547751793720249,0.9081091458878303,0.3452248206279751,0.09189085411216971,52.17233556603121,56.01994288319854,0.3350584833547375,0.26424501424501423,0.005050505050505051,0.14652939652939653,0.41893291893291895
2,ALEXANDER,5,Democrat,28683,5183,0.0395704772861974,0.1522284391279182,0.8805215632953317,0.7788925332818831,0.11947843670466828,0.22110746671811693,54.51839068437751,62.599266833879994,0.3352508454485235,0.22235576923076922,0.004261363636363636,0.19154283216783216,0.4266826923076923
2,ALEXANDER,5,Republican,28683,13741,0.0395704772861974,0.0032020959173277054,0.8805215632953317,0.934866458045266,0.11947843670466828,0.065133541954734,54.51839068437751,55.459209664507675,0.3352508454485235,0.26694103055586876,0.0024805502311421807,0.24495433532529035,0.5228323373548315
3,ALLEGHANY,5,Democrat,9278,2234,0.00937702090967881,0.02730528200537153,0.8946971330028023,0.9100268576544315,0.10530286699719767,0.08997314234556848,58.93069627074801,66.98567591763653,0.3383272256951929,0.24488338886244645,0.010947168015230843,0.24012375059495478,0.5023798191337459
3,ALLEGHANY,5,Republican,9278,3848,0.00937702090967881,0.0010395010395010396,0.8946971330028023,0.9178794178794178,0.10530286699719767,0.08212058212058213,58.93069627074801,59.103690228690226,0.3383272256951929,0.2548865276138003,0.009707464252918798,0.2849271940181031,0.5556867375049194
4,ANSON,4,Democrat,18306,10355,0.40369277832404676,0.6266537904394013,0.4267999562984814,0.22984065668759054,0.5732000437015187,0.7701593433124094,54.14170217415055,56.988025108643164,0.24330820496012237,0.15349057099332877,0.005725692073330882,0.156327152387456,0.3212165782423701
4,ANSON,4,Republican,18306,3427,0.40369277832404676,0.04172745841844178,0.4267999562984814,0.7703530784943099,0.5732000437015187,0.2296469215056901,54.14170217415055,53.26086956521739,0.24330820496012237,0.27619779656674354,0.0025621316935690495,0.18754803996925443,0.471688444786062
5,ASHE,5,Democrat,23110,4674,0.006014712245781047,0.013906718014548566,0.9243184768498486,0.9306803594351734,0.07568152315015145,0.0693196405648267,57.5154478580701,65.30423620025674,0.33539593249675465,0.3478643769264641,0.01343020695728754,0.1754733597534126,0.5402906208718626
5,ASHE,5,Republican,23110,10558,0.006014712245781047,0.0018942981625307824,0.9243184768498486,0.9390035991665088,0.07568152315015145,0.06099640083349119,57.5154478580701,58.79655237734419,0.33539593249675465,0.3088975937325126,0.0051482932288752095,0.12008953553441522,0.43648573027420257
6,AVERY,5,Democrat,14475,1517,0.005250431778929188,0.02109426499670402,0.9093609671848014,0.8707976268951879,0.09063903281519863,0.12920237310481214,56.69257340241796,58.68094924192485,0.3177892918825561,0.5681650700073692,0.01989683124539425,0.16285924834193072,0.7686072218128224
6,AVERY,5,Republican,14475,8275,0.005250431778929188,0.0014501510574018127,0.9093609671848014,0.9309969788519638,0.09063903281519863,0.06900302114803625,56.69257340241796,58.8004833836858,0.3177892918825561,0.460030549898167,0.008019348268839105,0.09432281059063137,0.5763747454175153
7,BEAUFORT,1,Democrat,39872,12768,0.21734550561797752,0.5574874686716792,0.6953250401284109,0.3743734335839599,0.3046749598715891,0.6256265664160401,56.619231540930976,60.48543233082707,0.3116472712680578,0.28847440615590497,0.003763800602208096,0.15063566410170626,0.44688859150217464
7,BEAUFORT,1,Republican,39872,14508,0.21734550561797752,0.01578439481665288,0.6953250401284109,0.9216983733112766,0.3046749598715891,0.07830162668872347,56.619231540930976,57.076027019575406,0.3116472712680578,0.3423277567907897,0.003957546321280806,0.1556934700485699,0.5041374347904299
8,BERTIE,1,Democrat,14784,9198,0.5655438311688312,0.776255707762557,0.36153950216450215,0.18253968253968253,0.6384604978354979,0.8174603174603174,56.01359577922078,59.43161556860187,0.24722673160173161,0.23222748815165878,0.002311871459946827,0.13085192463299042,0.38307710091318925
8,BERTIE,1,Republican,14784,1886,0.5655438311688312,0.1007423117709438,0.36153950216450215,0.8313891834570519,0.6384604978354979,0.16861081654294804,56.01359577922078,53.65959703075291,0.24722673160173161,0.36671270718232046,6.906077348066298e-4,0.14019337016574585,0.5234806629834254
9,BLADEN,1,Democrat,26661,11622,0.3418101346536139,0.654190328686973,0.5593563632271857,0.2774909654104285,0.4406436367728142,0.7225090345895715,54.48951652226098,59.187317157115814,0.3301451558456172,0.2172033118675253,0.0030358785648574057,0.16062557497700092,0.39779208831646734
9,BLADEN,1,Republican,26661,6129,0.3418101346536139,0.032305433186490456,0.5593563632271857,0.8901941589166259,0.4406436367728142,0.10980584108337413,54.48951652226098,52.93620492739436,0.3301451558456172,0.38662280701754387,0.007236842105263158,0.2760964912280702,0.6807017543859649
10,BRUNSWICK,1,Democrat,149877,32220,0.06896988864201979,0.23280571073867162,0.8347778511712938,0.6758535071384233,0.1652221488287062,0.32414649286157665,59.69543692494512,61.99605834885165,0.37638863868372063,NA,NA,NA,NA
10,BRUNSWICK,1,Republican,149877,60370,0.06896988864201979,0.006311081663077688,0.8347778511712938,0.9142951797250289,0.1652221488287062,0.085704820274971,59.69543692494512,61.41699519628955,0.37638863868372063,NA,NA,NA,NA
11,BUNCOMBE,5,Democrat,245358,88051,0.050212342780753025,0.09639867803886384,0.8344826742963344,0.8022396111344562,0.16551732570366567,0.19776038886554384,52.79196521001965,55.300541731496516,0.41412955762599957,0.4101844288229,0.015140881530655683,0.3982765166768296,0.8432642636078097
11,BUNCOMBE,5,Republican,245358,53493,0.050212342780753025,0.007832800553343428,0.8344826742963344,0.9091096031256426,0.16551732570366567,0.09089039687435739,52.79196521001965,57.225917409754544,0.41412955762599957,0.250396019307106,0.006149946886822341,0.1720307870068395,0.43850984923312025
12,BURKE,5,Democrat,66705,15375,0.05314444194588112,0.17008130081300812,0.841091372460835,0.7313170731707317,0.158908627539165,0.2686829268292683,54.65179521774979,61.54627642276423,0.3656397571396447,0.2590851922949626,0.00622228106175945,0.18686701529092473,0.46144171576090554
12,BURKE,5,Republican,66705,26511,0.05314444194588112,0.004941345102033119,0.841091372460835,0.9295009618648863,0.158908627539165,0.07049903813511373,54.65179521774979,56.11715891516729,0.3656397571396447,0.2356366637626668,0.002338484112063827,0.1522307304323903,0.39506625704984183
13,CABARRUS,3,Democrat,173798,49987,0.20048562123844924,0.4813651549402845,0.6375274744243317,0.35565246964210695,0.3624725255756683,0.644347530357893,49.850245687522296,51.17656590713585,0.36898008032313373,0.37810492704117626,0.00766717409868934,0.08864589908290944,0.48377455166524336
13,CABARRUS,3,Republican,173798,58117,0.20048562123844924,0.017000189273362356,0.6375274744243317,0.8896536297468899,0.3624725255756683,0.1103463702531101,49.850245687522296,54.039799026102514,0.36898008032313373,0.28423566878980894,0.004830148619957537,0.06886058032554848,0.3633934890304317
14,CALDWELL,5,Democrat,60677,11310,0.04810719053348056,0.1920424403183024,0.8612489081530069,0.7175950486295314,0.1387510918469931,0.2824049513704686,54.64578011437612,60.10972590627763,0.31629777345616955,0,0,0,0
14,CALDWELL,5,Republican,60677,29736,0.04810719053348056,0.004035512510088781,0.8612489081530069,0.9263182674199624,0.1387510918469931,0.07368173258003767,54.64578011437612,56.02286790422384,0.31629777345616955,0,0,0,0
15,CAMDEN,1,Democrat,9447,1689,0.11114639568116863,0.4665482534043813,0.8210013760982322,0.4860864416814683,0.17899862390176777,0.5139135583185317,51.74065841007727,60.56364712847839,0.44035143431777285,0.2856353591160221,0.0033149171270718232,0.15082872928176796,0.443646408839779
15,CAMDEN,1,Republican,9447,3505,0.11114639568116863,0.006276747503566334,0.8210013760982322,0.9203994293865906,0.17899862390176777,0.07960057061340942,51.74065841007727,49.72895863052782,0.44035143431777285,0.3546017014694509,0.005413766434648105,0.1925754060324826,0.5556844547563805
16,CARTERET,1,Democrat,65789,11710,0.04062989253522625,0.15482493595217764,0.8681694508200459,0.7671221178479932,0.1318305491799541,0.23287788215200683,57.008253659426344,62.62467976088813,0.36037939473164204,0.3782097931177877,0.009356481962781995,0.21655057698305438,0.6197109886682607
16,CARTERET,1,Republican,65789,29931,0.04062989253522625,0.004777655273796398,0.8681694508200459,0.92105175236377,0.1318305491799541,0.07894824763623,57.008253659426344,58.29995656677024,0.36037939473164204,0.31161487519103415,0.0026490066225165563,0.17223637289862456,0.4975038206826286
17,CASWELL,4,Democrat,17322,7082,0.3032559750606166,0.6426150804857385,0.6193280221683408,0.30485738491951425,0.3806719778316592,0.6951426150804857,55.87114651887773,61.45255577520474,0.3135896547742755,0.26074596315669774,0.0022742779167614284,0.19206277007050263,0.4682738230611781
17,CASWELL,4,Republican,17322,4734,0.3032559750606166,0.02006759611322349,0.6193280221683408,0.9049429657794676,0.3806719778316592,0.09505703422053231,55.87114651887773,53.23109421208281,0.3135896547742755,0.32357920193470374,0.00532043530834341,0.16856106408706167,0.5013301088270858
18,CATAWBA,5,Democrat,127691,24543,0.08101588992176426,0.29063276698040175,0.7832658527225881,0.5646416493501202,0.2167341472774119,0.4353583506498798,53.07283207117181,56.84011734506784,0.3695640256556844,0.291681369089626,0.010012350035285816,0.18736767819336628,0.4999117854622442
18,CATAWBA,5,Republican,127691,55073,0.08101588992176426,0.007517295226335954,0.7832658527225881,0.9166016015107221,0.2167341472774119,0.08339839848927787,53.07283207117181,56.24767127267445,0.3695640256556844,0.25956519765805836,0.004084781918032043,0.19023737121590342,0.45962873871011667
19,CHATHAM,2,Democrat,69263,24681,0.09977910283990009,0.22490984968194158,0.736540432842932,0.6292694785462501,0.263459567157068,0.37073052145374985,56.95794291324372,60.47797901219562,0.40051687047918805,0.44073263448911415,0.022040471527857774,0.4137388165725915,0.8993203547978343
19,CHATHAM,2,Republican,69263,16427,0.09977910283990009,0.009983563645218239,0.736540432842932,0.8749010774943691,0.263459567157068,0.12509892250563098,56.95794291324372,58.12108114689231,0.40051687047918805,0.2831050228310502,0.007336719511569442,0.1630496126417321,0.46128982607357244
20,CHEROKEE,5,Democrat,27115,4279,0.010105107873870551,0.03435382098621173,0.9349806380232344,0.9102594064033652,0.06501936197676562,0.08974059359663472,59.02013645583625,65.49170366908156,0.33003872395353123,0.30119735755573906,0.01032204789430223,0.13914120561519405,0.4518992568125516
20,CHEROKEE,5,Republican,27115,13705,0.010105107873870551,0.002334914264866837,0.9349806380232344,0.9521342575702298,0.06501936197676562,0.04786574242977016,59.02013645583625,59.43334549434513,0.33003872395353123,0.3523091845109304,0.010296202342759084,0.16384391554129674,0.5271207938521226
21,CHOWAN,1,Democrat,12021,4420,0.2723567090924216,0.6009049773755656,0.6584310789451793,0.3595022624434389,0.34156892105482073,0.640497737556561,57.15098577489393,61.47873303167421,0.33133682721903335,0.23803827751196172,0.008373205741626795,0.11315789473684211,0.37057416267942583
21,CHOWAN,1,Republican,12021,3561,0.2723567090924216,0.023869699522606008,0.6584310789451793,0.9210895815782084,0.34156892105482073,0.07891041842179163,57.15098577489393,57.093793878124124,0.33133682721903335,0.24888059701492538,0.006716417910447761,0.2208955223880597,0.4847014925373134
22,CLAY,5,Democrat,11713,1805,0.004012635533168275,0.006648199445983379,0.9425424741739947,0.939612188365651,0.057457525826005294,0.06038781163434903,60.075898574233754,65.69861495844876,0.36019807051993513,0.3248005319148936,0.012632978723404254,0.24966755319148937,0.6003989361702128
22,CLAY,5,Republican,11713,5618,0.004012635533168275,0.00177999288002848,0.9425424741739947,0.9546101815592738,0.057457525826005294,0.04538981844072624,60.075898574233754,60.85706657173371,0.36019807051993513,0.3193096008629989,0.006712213831954932,0.26705022174277837,0.6036198010308043
23,CLEVELAND,5,Democrat,77489,24127,0.1984281639974706,0.5092220334065569,0.7001638942301488,0.4218095909147428,0.2998361057698512,0.5781904090852572,53.47295745202545,58.88432047084179,0.3070371278504046,0.23041772086538959,0.003640212732999432,0.10251975009035989,0.35514018691588783
23,CLEVELAND,5,Republican,77489,29064,0.1984281639974706,0.01565510597302505,0.7001638942301488,0.8912400220203689,0.2998361057698512,0.10875997797963116,53.47295745202545,53.817643820533995,0.3070371278504046,0.24554777695897814,0.0035003684598378776,0.12453942520265292,0.3831061164333088
24,COLUMBUS,1,Democrat,42099,17404,0.28936554312453977,0.5702137439669042,0.6054063041877479,0.34417375316019305,0.39459369581225207,0.655826246839807,54.22081284591083,59.75850379223167,0.30012589372669185,0.19224049331963,0.0017985611510791368,0.08355601233299075,0.2877183967112025
24,COLUMBUS,1,Republican,42099,11932,0.28936554312453977,0.025561515253100905,0.6054063041877479,0.881914180355347,0.39459369581225207,0.11808581964465303,54.22081284591083,52.72955078779752,0.30012589372669185,0.3104372183656071,0.0017050298380221654,0.11192303008159786,0.43246863962976495
25,CRAVEN,1,Democrat,89733,24578,0.18917232233403541,0.5108633737488811,0.6979595020783881,0.4014972739848645,0.3020404979216119,0.5985027260151354,53.994795671603534,58.28968996663683,0.35074053023971113,0.25904597370189075,0.005918674216975397,0.16917810410468054,0.4653997504558979
25,CRAVEN,1,Republican,89733,32885,0.18917232233403541,0.01930971567584005,0.6979595020783881,0.9021742435760985,0.3020404979216119,0.09782575642390147,53.994795671603534,55.95639349247377,0.35074053023971113,0.2566429034348671,0.0037706946326518586,0.16552760266305308,0.4439109173393036
26,CUMBERLAND,1,Democrat,253753,105620,0.39500616741476946,0.6808748343116834,0.41228675128963993,0.18286309411096383,0.5877132487103601,0.8171369058890362,49.109204620240945,52.73178375307707,0.34362155324272026,0.22724265835046187,0.002823257022704184,0.13151180097809909,0.38450634346870793
26,CUMBERLAND,1,Republican,253753,58429,0.39500616741476946,0.05213164695613479,0.41228675128963993,0.7880162248198669,0.5877132487103601,0.21198377518013314,49.109204620240945,52.21684437522463,0.34362155324272026,0.2071011402614258,0.002642069157318995,0.090270696208399,0.3076156484657458
27,CURRITUCK,1,Democrat,26861,3950,0.04917910725587283,0.22784810126582278,0.8690666765943189,0.6918987341772151,0.1309333234056811,0.3081012658227848,52.72368861918767,59.512911392405066,0.424816648672797,0.48115119578435345,0.012971220105391163,0.10093230644507499,0.6015403323875153
27,CURRITUCK,1,Republican,26861,11227,0.04917910725587283,0.005789614322615124,0.8690666765943189,0.9336421127638728,0.1309333234056811,0.06635788723612719,52.72368861918767,52.83700008907099,0.424816648672797,0.3905453118870145,0.0023538642604943117,0.14280109846998823,0.5390349156531973
28,DARE,1,Democrat,37779,8872,0.017152386246327325,0.04981965734896303,0.9065089070647714,0.8818755635707844,0.09349109293522857,0.11812443642921551,56.06090685301358,60.07213706041479,0.4146483496122184,0.4435836561289516,0.009371485692865176,0.20367362239160314,0.6656253904785705
28,DARE,1,Republican,37779,12916,0.017152386246327325,0.002013007122948281,0.9065089070647714,0.9386032827500774,0.09349109293522857,0.06139671724992258,56.06090685301358,57.468256426138126,0.4146483496122184,0.2412532637075718,0.0029242819843342035,0.09671018276762403,0.34443864229765014
29,DAVIDSON,4,Democrat,130747,25433,0.09366180485976734,0.35284866118822,0.7981980466091,0.5275036370070381,0.20180195339089999,0.4724963629929619,53.25836921688452,57.5896669681123,0.31816408789494216,0.278353402408289,0.006680801696203545,0.14049685962315478,0.43453214385726285
29,DAVIDSON,4,Republican,130747,62805,0.09366180485976734,0.0062733858769206275,0.7981980466091,0.919878990526232,0.20180195339089999,0.08012100947376802,53.25836921688452,55.58474643738556,0.31816408789494216,0.24222241851426551,0.0036215881989223567,0.13793834466919883,0.3890645702676442
30,DAVIE,4,Democrat,37169,5615,0.059969329279776155,0.27764915405164736,0.8460814119292959,0.6033837934105075,0.15391858807070408,0.3966162065894924,54.7688396244182,58.26607301869991,0.3336382469262019,0.37050898203592814,0.007859281437125748,0.24943862275449102,0.6339820359281437
30,DAVIE,4,Republican,37169,18921,0.059969329279776155,0.00459806564135088,0.8460814119292959,0.9322445959515882,0.15391858807070408,0.06775540404841182,54.7688396244182,57.18112150520586,0.3336382469262019,0.3077442731683351,0.0032549284529877786,0.17042314069888842,0.485475649450347
31,DUPLIN,1,Democrat,36025,13115,0.2682859125607217,0.5872664887533359,0.5835114503816794,0.2844071673656119,0.4164885496183206,0.7155928326343881,53.32807772380291,58.32268394967594,0.3244691186675919,0.2706222865412446,0.0018491718925872326,0.08385592538993407,0.3692715870718765
31,DUPLIN,1,Republican,36025,11047,0.2682859125607217,0.024712591653842673,0.5835114503816794,0.8819589028695574,0.4164885496183206,0.11804109713044265,53.32807772380291,53.73748529012401,0.3244691186675919,0.42759852629228534,0.0015630233337054818,0.09355811097465669,0.5310929998883555
32,DURHAM,2,Democrat,280420,148887,0.3143142429213323,0.4569572897566611,0.48123528992225945,0.3928281179686608,0.5187647100777405,0.6071718820313392,47.48308608515798,49.131079274886325,0.36231367234861994,0.3290139123024768,0.007104351531094274,0.27887590077990404,0.6463107389637095
32,DURHAM,2,Republican,280420,28228,0.3143142429213323,0.0555476831514808,0.48123528992225945,0.8135184922771717,0.5187647100777405,0.1864815077228284,47.48308608515798,54.86431911577157,0.36231367234861994,0.19966198770010798,0.002675930707478522,0.1062391437021736,0.3217219848833388
33,EDGECOMBE,1,Democrat,40047,24649,0.5663345568956476,0.7947989776461519,0.3534097435513272,0.16637591788713538,0.6465902564486729,0.8336240821128647,53.922416161010815,57.117570692523024,0.19414687741903264,0.19377043538117364,9.895026673550163e-4,0.1083290311478231,0.3085957666494579
33,EDGECOMBE,1,Republican,40047,7465,0.5663345568956476,0.07206965840589417,0.3534097435513272,0.8673811118553248,0.6465902564486729,0.13261888814467515,53.922416161010815,54.433623576691225,0.19414687741903264,0.23040380047505937,0.0011876484560570072,0.08839497794367153,0.32270105191720394
34,FORSYTH,4,Democrat,313339,118268,0.25039653538180695,0.5043883383501877,0.6049390596127517,0.3748097541177664,0.3950609403872483,0.6251902458822336,51.39724068820032,53.09946900260425,0.34545332690791763,0.31764263922407904,0.009653476617640362,0.20554619552843678,0.5525590820090159
34,FORSYTH,4,Republican,313339,84593,0.25039653538180695,0.022590521674370218,0.6049390596127517,0.8956178407196813,0.3950609403872483,0.1043821592803187,51.39724068820032,57.192699159504926,0.34545332690791763,0.25198314129581256,0.004471082194195606,0.09927725517219275,0.36276662232977036
35,FRANKLIN,2,Democrat,58657,19882,0.23744821589921067,0.5610099587566644,0.6317916020253337,0.3435268081681923,0.36820839797466626,0.6564731918318076,52.151797739400244,56.729403480535154,0.34428968409567484,0.25815934725221984,0.008639308855291577,0.21478281737461002,0.49232061435085195
35,FRANKLIN,2,Republican,58657,18106,0.23744821589921067,0.0187783055340771,0.6317916020253337,0.8898155307632829,0.36820839797466626,0.11018446923671711,52.151797739400244,53.47569866342649,0.34428968409567484,0.2619535019739728,0.002997514256470244,0.12063167129697325,0.38865331188770286
36,GASTON,3,Democrat,174729,46921,0.17314240910209525,0.4619466763282965,0.7036897137853476,0.4243728820783871,0.2963102862146524,0.5756271179216129,51.94752445215162,54.528398797979584,0.3345237482043622,0.2647683000221722,0.005416363118051376,0.1380697475531342,0.41572962528903107
36,GASTON,3,Republican,174729,67820,0.17314240910209525,0.014051902093777647,0.7036897137853476,0.9029342376879976,0.2963102862146524,0.09706576231200235,51.94752445215162,54.98630197581834,0.3345237482043622,0.20736891828058573,0.0037316957959376475,0.10994331601322627,0.3257912139820501
37,GATES,1,Democrat,9227,3946,0.3004226725913081,0.5922453117080588,0.6202449333477836,0.34693360364926507,0.3797550666522163,0.6530663963507349,54.201040424840144,60.490876837303595,0.3157039124309093,0.253322908522283,0.003388063591347407,0.1125879593432369,0.3820693249934845
37,GATES,1,Republican,9227,2320,0.3004226725913081,0.027586206896551724,0.6202449333477836,0.8883620689655173,0.3797550666522163,0.11163793103448276,54.201040424840144,50.960344827586205,0.3157039124309093,0.23566155593412833,0.005110732538330494,0.07495741056218058,0.31629755820556504
38,GRAHAM,5,Democrat,7153,1422,0.001398014818957081,0.0028129395218002813,0.9105270515867468,0.8762306610407876,0.08947294841325318,0.12376933895921238,56.274150705997485,63.54430379746835,0.3000139801481896,0.21313279530447543,0.003668378576669112,0.16507703595011006,0.3914159941305943
38,GRAHAM,5,Republican,7153,3548,0.001398014818957081,2.818489289740699e-4,0.9105270515867468,0.9388387824126269,0.08947294841325318,0.06116121758737317,56.274150705997485,56.43517474633597,0.3000139801481896,0.34771290442543695,0.007065823726292302,0.21792487913722575,0.5818148010412793
39,GRANVILLE,2,Democrat,45940,18836,0.289007400957771,0.5947122531322998,0.5718545929473225,0.30940751751964324,0.4281454070526774,0.6905924824803568,52.92818894209839,56.9485559566787,0.31791467131040485,0.2323354674972602,0.0027109649881755784,0.19380515660148814,0.4428101747707216
39,GRANVILLE,2,Republican,45940,12195,0.289007400957771,0.02000820008200082,0.5718545929473225,0.8609266092660927,0.4281454070526774,0.13907339073390734,52.92818894209839,53.32513325133252,0.31791467131040485,0.22023115258191073,0.0019085993001802565,0.14028204856324886,0.36910189799597076
40,GREENE,1,Democrat,12718,5954,0.34675263406195944,0.6264696002687269,0.5513445510300362,0.297111185757474,0.44865544896996384,0.702888814242526,54.202233055511876,58.75176352032247,0.3058657021544268,0.23688586545729404,0.003476946334089191,0.16114890400604687,0.4117913832199546
40,GREENE,1,Republican,12718,2828,0.34675263406195944,0.030763790664780764,0.5513445510300362,0.8758840169731259,0.44865544896996384,0.12411598302687411,54.202233055511876,51.55869872701556,0.3058657021544268,0.46742209631728043,0.004046944556859571,0.22784297855119384,0.7057871307163092
41,GUILFORD,4,Democrat,440156,183101,0.3320777179000173,0.5912474535911874,0.5146720708112579,0.29935936996521045,0.4853279291887422,0.7006406300347895,50.35188433191868,51.59529440035827,0.34285798671380147,0.31396254149771724,0.0057115807438134925,0.18648902840841852,0.5117439318347441
41,GUILFORD,4,Republican,440156,103259,0.3320777179000173,0.033798506667699665,0.5146720708112579,0.8809498445656069,0.4853279291887422,0.11905015543439312,50.35188433191868,57.439206267734534,0.34285798671380147,0.2363071960407415,0.004485097545348093,0.09404343695455249,0.33630498663308367
42,HALIFAX,1,Democrat,40918,23900,0.5153233295860012,0.7380753138075313,0.38579598220831907,0.1803765690376569,0.6142040177916809,0.8196234309623431,54.810523485996384,57.81037656903766,0.2789970184270981,0.2372735116479724,0.0022433132010353752,0.09055220017256256,0.34404659188955994
42,HALIFAX,1,Republican,40918,5447,0.5153233295860012,0.09307875894988067,0.38579598220831907,0.836423719478612,0.6142040177916809,0.16357628052138792,54.810523485996384,54.68221039104094,0.2789970184270981,0.3514111787493083,0.0030437188710570003,0.0835639180962922,0.44521306032097396
43,HARNETT,1,Democrat,98899,28659,0.20545202681523575,0.5083568861439688,0.6198444878107968,0.33898600788582994,0.3801555121892031,0.6610139921141701,49.570632665648795,54.10474894448515,0.34310761483938157,0.21174896618827535,0.004743371442471419,0.12207086678018325,0.36013135490148385
43,HARNETT,1,Republican,98899,35232,0.20545202681523575,0.020946866485013624,0.6198444878107968,0.8538544504995459,0.3801555121892031,0.14614554950045414,49.570632665648795,51.87917234332425,0.34310761483938157,0.22772499438916735,0.003852771751327897,0.11427395825540511,0.3581207451185756
44,HAYWOOD,5,Democrat,54619,15194,0.010435928889214376,0.024812425957614848,0.925904904886578,0.9286560484401738,0.07409509511342206,0.07134395155982624,56.683480107654844,63.62531262340398,0.36613632618685804,0.3370203940546146,0.010024196335983409,0.2414794331144141,0.5978568959557553
44,HAYWOOD,5,Republican,54619,19048,0.010435928889214376,0.0018899622007559848,0.925904904886578,0.9440361192776144,0.07409509511342206,0.055963880722385555,56.683480107654844,57.042891642167156,0.36613632618685804,0.32,0.005825932504440497,0.20120781527531084,0.5345648312611012
45,HENDERSON,5,Democrat,104796,20598,0.026451391274476124,0.084231478784348,0.8746803313103554,0.7970191280706864,0.12531966868964464,0.20298087192931352,57.74324401694721,59.941644819885425,0.4311901217603725,0.467860551282771,0.01953629371807107,0.36405995621175546,0.86841071127828
45,HENDERSON,5,Republican,104796,38224,0.026451391274476124,0.0034794893260778567,0.8746803313103554,0.9349100041858518,0.12531966868964464,0.06508999581414818,57.74324401694721,60.53531812473838,0.4311901217603725,0.3150743228865854,0.007751466699091102,0.22646441924795574,0.5627564823540141
46,HERTFORD,1,Democrat,16160,10510,0.599319306930693,0.7876308277830637,0.3287747524752475,0.16803044719314938,0.6712252475247524,0.8319695528068506,55.06565594059406,58.067840152235966,0.23360148514851486,0.27403846153846156,0.0033359497645211933,0.11263736263736264,0.40482731554160123
46,HERTFORD,1,Republican,16160,1822,0.599319306930693,0.1141602634467618,0.3287747524752475,0.8150384193194292,0.6712252475247524,0.1849615806805708,55.06565594059406,54.62897914379803,0.23360148514851486,0.3312056737588652,0.0028368794326241137,0.10567375886524823,0.4425531914893617
47,HOKE,4,Democrat,38112,15885,0.3753410999160369,0.6642744727730563,0.4007924013434089,0.15989927604658483,0.5992075986565911,0.8401007239534152,48.537416036943746,52.93578847969783,0.3495749370277078,0.2035016835016835,0.00202020202020202,0.17777777777777778,0.39164983164983164
47,HOKE,4,Republican,38112,8506,0.3753410999160369,0.048318833764401596,0.4007924013434089,0.7345403244768399,0.5992075986565911,0.26545967552316013,48.537416036943746,48.679990594874205,0.3495749370277078,0.1863468634686347,0.002980414419528811,0.11098495600340619,0.30357649730343456
48,HYDE,1,Democrat,3636,1643,0.1894939493949395,0.37005477784540475,0.7425742574257426,0.5879488740109555,0.25742574257425743,0.4120511259890444,57.53217821782178,63.278149726110776,0.3358085808580858,0.4652201659221442,0.0025526483726866626,0.06190172303765156,0.5379706445437141
48,HYDE,1,Republican,3636,755,0.1894939493949395,0.018543046357615896,0.7425742574257426,0.909933774834437,0.25742574257425743,0.09006622516556291,57.53217821782178,54.209271523178806,0.3358085808580858,0.560377358490566,0.009433962264150943,0.07735849056603773,0.6509433962264151
49,IREDELL,5,Democrat,155753,32083,0.10758701277021951,0.36100115325873516,0.7829191091022324,0.5209300875853256,0.2170808908977676,0.47906991241467445,51.73303242955192,55.27201321572172,0.3750938986728988,0.28913811645414045,0.0050699032109387,0.16623137194653556,0.4684795411481538
49,IREDELL,5,Republican,155753,64125,0.10758701277021951,0.009169590643274854,0.7829191091022324,0.9192826510721247,0.2170808908977676,0.08071734892787524,51.73303242955192,54.216842105263154,0.3750938986728988,0.3063072512411719,0.005978602894902455,0.18844836025452766,0.5060485280749598
50,JACKSON,5,Democrat,35472,10328,0.02334235453315291,0.04686289697908598,0.8193222823635543,0.804124709527498,0.18067771763644563,0.19587529047250193,50.86893888137122,55.998934934159564,0.41739963915200723,0.3095363818777062,0.00961030731861865,0.290421375013201,0.6205512725736614
50,JACKSON,5,Republican,35472,10025,0.02334235453315291,0.0029925187032418953,0.8193222823635543,0.891571072319202,0.18067771763644563,0.10842892768079801,50.86893888137122,54.51581047381546,0.41739963915200723,0.2659532820044369,0.004567401800861281,0.16338248727652355,0.4410805167688895
51,JOHNSTON,2,Democrat,172638,45868,0.16766297107241743,0.44684747536408825,0.6762995400780825,0.40337490189238684,0.32370045992191754,0.5966250981076131,49.86035519410559,53.44093921688323,0.35624254219812557,0.29470289993423704,0.005515602791743567,0.15282462504507946,0.46861409872929
51,JOHNSTON,2,Republican,172638,63610,0.16766297107241743,0.014243043546612167,0.6762995400780825,0.8905989624272913,0.32370045992191754,0.10940103757270869,49.86035519410559,52.271136613739976,0.35624254219812557,0.27526910338301397,0.0024692453276555478,0.11732611781405251,0.4033741424177904
52,JONES,1,Democrat,8453,3186,0.296226191884538,0.6619585687382298,0.61327339406128,0.28468298807281855,0.38672660593872,0.7153170119271814,55.68354430379747,61.9526051475204,0.30746480539453447,0.3386683738796415,0.002880921895006402,0.07074263764404609,0.4295774647887324
52,JONES,1,Republican,8453,2617,0.296226191884538,0.01719526175009553,0.61327339406128,0.9006495987772258,0.38672660593872,0.09935040122277417,55.68354430379747,53.96140619029423,0.30746480539453447,0.3906330416881112,0.006176016469377252,0.1363870303654143,0.5383427689140504
53,LEE,4,Democrat,45279,14936,0.18902802623732856,0.4318425281199786,0.646789902603856,0.4314408141403321,0.3532100973961439,0.5685591858596679,52.29088539941253,57.334092126406,0.3611166324344619,0.22003642987249544,0.004250151791135397,0.17802064359441408,0.41821493624772316
53,LEE,4,Republican,45279,13635,0.18902802623732856,0.015401540154015401,0.646789902603856,0.8824349101576824,0.3532100973961439,0.11756508984231756,52.29088539941253,55.0012467913458,0.3611166324344619,0.20840472540355306,0.0036071782847867254,0.1469023356479394,0.36468572459193793
54,LENOIR,1,Democrat,44152,19859,0.3906504801594492,0.7155445893549525,0.49816542851965934,0.21567047686187624,0.5018345714803406,0.7843295231381238,54.14694691067222,58.457676620172215,0.2773147309295162,0.21153014912470283,0.0013507672357899287,0.13745407391398315,0.3638966933218068
54,LENOIR,1,Republican,44152,11801,0.3906504801594492,0.03686128294212355,0.49816542851965934,0.8911956613846285,0.5018345714803406,0.10880433861537157,54.14694691067222,54.38276417252775,0.2773147309295162,0.31250648676699533,0.0031136481577581734,0.19823559937727037,0.5201868188894655
55,LINCOLN,3,Democrat,75090,13821,0.054481289119723,0.21308154258013168,0.8457451058729525,0.6777367773677737,0.15425489412704754,0.32226322263222634,53.55425489412705,59.11439114391144,0.3384072446397656,0.3196966800484292,0.0041419741285923664,0.16778181354744154,0.49812018097240807
55,LINCOLN,3,Republican,75090,35328,0.054481289119723,0.005491394927536232,0.8457451058729525,0.9240828804347826,0.15425489412704754,0.07591711956521739,53.55425489412705,54.43407495471015,0.3384072446397656,0.28260994373636467,0.003358594557354461,0.14806521988747273,0.43825353083017565
56,MACON,5,Democrat,33118,6238,0.006733498399661815,0.015870471304905417,0.9222779153330515,0.9147162552100032,0.0777220846669485,0.0852837447899968,58.881605169394284,65.04745110612376,0.3636994987620025,0.33124869710235566,0.013967062747550553,0.26401917865332497,0.6154888471961643
56,MACON,5,Republican,33118,14616,0.006733498399661815,0.0015736179529282977,0.9222779153330515,0.9464969896004378,0.0777220846669485,0.05350301039956212,58.881605169394284,60.5746442255063,0.3636994987620025,0.28858230727389605,0.008257924145774613,0.24655095683133066,0.5497206151411759
57,MADISON,5,Democrat,19996,6213,0.010302060412082417,0.016095284081764045,0.8990798159631926,0.9179140511830034,0.10092018403680736,0.08208594881699662,53.943888777755554,60.371479156607116,0.40473094618923783,0.368757824454027,0.008346084295451384,0.3088051189317012,0.6936987063569342
57,MADISON,5,Republican,19996,5519,0.010302060412082417,0.001811922449719152,0.8990798159631926,0.9322341003805037,0.10092018403680736,0.06776589961949629,53.943888777755554,54.398804131183184,0.40473094618923783,0.3130434782608696,0.004968944099378882,0.17834960070984915,0.49991126885536824
58,MARTIN,1,Democrat,18840,9493,0.40222929936305735,0.68081744443274,0.5290339702760085,0.2830506689139366,0.4709660297239915,0.7169493310860634,55.629936305732485,60.97619298430423,0.2840764331210191,0.3207920792079208,9.900990099009901e-4,0.08613861386138613,0.4158415841584158
58,MARTIN,1,Republican,18840,3935,0.40222929936305735,0.04955527318932656,0.5290339702760085,0.8986022871664548,0.4709660297239915,0.10139771283354511,55.629936305732485,52.53265565438374,0.2840764331210191,0.36363636363636365,0,0.06611570247933884,0.4297520661157025
59,MCDOWELL,5,Democrat,34174,6846,0.027272195236144436,0.09494595384165937,0.9101656229882367,0.8429739994157172,0.08983437701176333,0.1570260005842828,54.769883537192015,61.97692082968157,0.35910341195060574,0.30803443328550933,0.0037302725968436155,0.17589670014347203,0.4899569583931133
59,MCDOWELL,5,Republican,34174,14820,0.027272195236144436,0.0031039136302294197,0.9101656229882367,0.9505398110661268,0.08983437701176333,0.04946018893387315,54.769883537192015,55.43994601889339,0.35910341195060574,0.34568881828611775,0.0026476039184537992,0.24093195657929573,0.5925337569499602
60,MECKLENBURG,3,Democrat,894490,367795,0.30250981005936345,0.542476107614296,0.5215743049111784,0.3138433094522764,0.47842569508882155,0.6861566905477235,47.833563259511,48.915297924115336,0.3759639571152277,0.32079561511109733,0.006263683368787168,0.17061317019393507,0.5044827104327438
60,MECKLENBURG,3,Republican,894490,182543,0.30250981005936345,0.03536153125564935,0.5215743049111784,0.8577157162969821,0.47842569508882155,0.1422842837030179,47.833563259511,53.23914365382403,0.3759639571152277,0.1569418215047213,0.004099908620164483,0.07346329576606762,0.23616204690831558
61,MITCHELL,5,Democrat,13181,1296,0.003565738563083226,0.008487654320987654,0.903573325240877,0.8765432098765432,0.09642667475912298,0.12345679012345678,57.22350352780517,59.18055555555556,0.31295045899400653,0.48058252427184467,0.020226537216828478,0.35275080906148865,0.8656957928802589
61,MITCHELL,5,Republican,13181,7704,0.003565738563083226,9.086188992731049e-4,0.903573325240877,0.9235462097611631,0.09642667475912298,0.07645379023883697,57.22350352780517,59.204569055036345,0.31295045899400653,0.3639829887080217,0.009532189470596862,0.30459011585276435,0.6911570611526617
62,MONTGOMERY,4,Democrat,19755,6267,0.18137180460642877,0.46545396521461624,0.69916476841306,0.4376894846018829,0.30083523158694003,0.5623105153981172,55.17919514047077,59.840274453486515,0.3158187800556821,0.30377927863198734,0.0044546630262968815,0.09426641758873401,0.4173013363989079
62,MONTGOMERY,4,Republican,19755,7143,0.18137180460642877,0.013579728405431892,0.69916476841306,0.9021419571608568,0.30083523158694003,0.09785804283914322,55.17919514047077,56.91880162396752,0.3158187800556821,0.34481540363893304,0.006182653241476771,0.1418477300830242,0.5004416180886769
63,MOORE,4,Democrat,90051,18664,0.09969905942188316,0.3625160737248178,0.8070204661802757,0.5468281183026147,0.19297953381972438,0.4531718816973853,56.34241707476874,59.114230604372054,0.36873549433099023,0.42916925860996435,0.011140643555957699,0.18141718034270202,0.6434994062093536
63,MOORE,4,Republican,90051,37413,0.09969905942188316,0.007430572260978804,0.8070204661802757,0.9242242001443348,0.19297953381972438,0.07577579985566514,56.34241707476874,58.6794429743672,0.36873549433099023,0.3571809219291234,0.006361577404742872,0.1486810551558753,0.5233812949640287
64,NASH,1,Democrat,78392,33997,0.3878584549443821,0.7164161543665618,0.5081130727625268,0.20878312792305204,0.49188692723747324,0.791216872076948,53.119820900091845,55.94537753331176,0.2774645371976732,0.23477804439112177,0.0025244951009798042,0.14304639072185563,0.3920215956808638
64,NASH,1,Republican,78392,22217,0.3878584549443821,0.030652203267767925,0.5081130727625268,0.9074132421118963,0.49188692723747324,0.09258675788810371,53.119820900091845,55.913489670072465,0.2774645371976732,0.2850192401256137,0.0027422707771241543,0.17647839356008668,0.4717148038391791
65,NEW HANOVER,1,Democrat,210618,60524,0.10830033520401865,0.2715782169056903,0.7643838608286091,0.6171601348225497,0.23561613917139085,0.3828398651774503,51.62378334235441,53.95786795320864,0.40527400317161877,0.37801648340007205,0.007584906459882625,0.26172164664505604,0.672281192398144
65,NEW HANOVER,1,Republican,210618,62859,0.10830033520401865,0.00981561908398161,0.7643838608286091,0.8979780142859416,0.23561613917139085,0.10202198571405845,51.62378334235441,56.32795621947533,0.40527400317161877,0.2257184686039749,0.0030684074363756695,0.12586486974309608,0.36419790225217097
66,NORTHAMPTON,1,Democrat,15244,9532,0.5506428758855944,0.7645824590851867,0.3948438729992128,0.20457406630297945,0.6051561270007872,0.7954259336970205,58.029651010233536,60.733843894250946,0.2505247966413015,0.31839908682314333,0.0017122066062638225,0.19083969465648856,0.5415566811728615
66,NORTHAMPTON,1,Republican,15244,1832,0.5506428758855944,0.08569868995633188,0.3948438729992128,0.8586244541484717,0.6051561270007872,0.1413755458515284,58.029651010233536,56.584606986899566,0.2505247966413015,0.3270065075921909,5.422993492407809e-4,0.0992407809110629,0.4316702819956616
67,ONSLOW,1,Democrat,144448,28918,0.1526431657066903,0.46535030085068124,0.6806809370846256,0.3846393249878968,0.3193190629153744,0.6153606750121032,47.51257892113425,52.37008091845909,0.4053223305272486,0.2462028749660971,0.004102251152698671,0.10709926769731488,0.37862761052346083
67,ONSLOW,1,Republican,144448,54787,0.1526431657066903,0.020351543249310967,0.6806809370846256,0.8583788124920145,0.3193190629153744,0.14162118750798547,47.51257892113425,49.7943490244036,0.4053223305272486,0.256770730204827,0.0030361032275097355,0.09840934591776121,0.37044859525223856
68,ORANGE,2,Democrat,133719,62114,0.10777077303898473,0.17310107222204335,0.686245036232697,0.6644556782689893,0.31375496376730305,0.33554432173101073,47.52249119422072,49.97348423865795,0.4082217186787218,0.4211876965337767,0.01632510451681305,0.4070312405874628,0.862387200154215
68,ORANGE,2,Republican,133719,16220,0.10777077303898473,0.014303329223181258,0.686245036232697,0.8705918618988903,0.31375496376730305,0.12940813810110974,47.52249119422072,52.84167694204685,0.4082217186787218,0.1977329974811083,0.0030400416920003475,0.09949622166246852,0.3063059150525493
69,PAMLICO,1,Democrat,11933,3513,0.14924997904969411,0.43296327924850553,0.7731500879912847,0.5052661542840877,0.22684991200871532,0.49473384571591233,59.85695131148915,65.19555935098207,0.30964552082460406,0.395458440445587,0.022279348757497857,0.19708654670094258,0.6345329905741217
69,PAMLICO,1,Republican,11933,4645,0.14924997904969411,0.010118406889128094,0.7731500879912847,0.9250807319698601,0.22684991200871532,0.07491926803013993,59.85695131148915,59.22798708288482,0.30964552082460406,0.3632610939112487,0.004471964224286206,0.20536635706914344,0.5761953904368765
70,PASQUOTANK,1,Democrat,34196,12850,0.3307404374780676,0.6698054474708172,0.5666452216633524,0.2622568093385214,0.43335477833664754,0.7377431906614786,51.911861036378525,55.461556420233464,0.3649842086793777,0.22657079432487212,0.002461152398417141,0.13261268217353536,0.371296206929833
70,PASQUOTANK,1,Republican,34196,8583,0.3307404374780676,0.03506932308050798,0.5666452216633524,0.8874519398811604,0.43335477833664754,0.11254806011883957,51.911861036378525,53.46766864732611,0.3649842086793777,0.19119465743259956,0.0045758100420479845,0.13541924313628495,0.33910462527825874
71,PENDER,1,Democrat,55836,12976,0.1227344365642238,0.42123921085080146,0.7689125295508275,0.4861282367447596,0.23108747044917258,0.5138717632552404,52.84706999068701,58.15158754623921,0.36139766458915396,0.2970832168483832,0.006895909048550928,0.18274158978659957,0.49669182741589785
71,PENDER,1,Republican,55836,22140,0.1227344365642238,0.008626919602529358,0.7689125295508275,0.9087624209575429,0.23108747044917258,0.09123757904245709,52.84706999068701,54.17664859981933,0.36139766458915396,0.20947451185952037,0.00314506617743415,0.1278993578823221,0.34372952430874065
72,PERQUIMANS,1,Democrat,11711,3467,0.19417641533600888,0.5281222959330834,0.7400734352318333,0.42717046437842515,0.25992656476816667,0.5728295356215749,58.00512338826744,62.01096048456879,0.3564170438049697,0.27013333333333334,0.0032,0.11226666666666667,0.39066666666666666
72,PERQUIMANS,1,Republican,11711,3989,0.19417641533600888,0.0188017046878917,0.7400734352318333,0.9165204311857609,0.25992656476816667,0.08347956881423915,58.00512338826744,57.4830784657809,0.3564170438049697,0.30751252086811354,6.67779632721202e-4,0.13689482470784642,0.44908180300500833
73,PERSON,2,Democrat,31214,11238,0.25094508874223104,0.5736785904965296,0.652047158326392,0.3572699768642107,0.347952841673608,0.6427300231357893,54.631447427436406,59.48923295960135,0.34590247965656434,0.2342050209205021,0.0029288702928870294,0.14246861924686194,0.3890167364016736
73,PERSON,2,Republican,31214,9016,0.25094508874223104,0.01685891748003549,0.652047158326392,0.890527950310559,0.347952841673608,0.10947204968944099,54.631447427436406,54.08496007098491,0.34590247965656434,0.27897240723120836,0.0020932445290199808,0.12464319695528069,0.41122740247383444
74,PITT,1,Democrat,143051,57607,0.33074917337173454,0.6362074053500443,0.533627866984502,0.28053882340687764,0.46637213301549796,0.7194611765931224,47.99926599604337,51.7365597930807,0.341465631138545,0.24254112746137974,0.0027579024512545563,0.15866617808721142,0.41582611714335305
74,PITT,1,Republican,143051,35502,0.33074917337173454,0.035378288547124104,0.533627866984502,0.8951045011548645,0.46637213301549796,0.10489549884513548,47.99926599604337,50.67328601205566,0.341465631138545,0.22565853658536586,0.0013983739837398375,0.12504065040650406,0.3565528455284553
75,POLK,5,Democrat,19542,4400,0.03489919148500665,0.12045454545454545,0.8906969603929997,0.8109090909090909,0.1093030396070003,0.1890909090909091,59.718606079214,64.22272727272727,0.39402312966942993,0.36932108218478815,0.012761613067891782,0.26442062276671774,0.6531393568147014
75,POLK,5,Republican,19542,7302,0.03489919148500665,0.0035606683100520404,0.8906969603929997,0.9400164338537387,0.1093030396070003,0.0599835661462613,59.718606079214,59.97630786086004,0.39402312966942993,0.2322511594719943,0.00231894398858366,0.16464502318943988,0.4043881555476275
76,RANDOLPH,4,Democrat,107889,17905,0.065039067930929,0.27539793353811787,0.8201114108018427,0.5636414409382854,0.17988858919815737,0.4363585590617146,53.09863841540843,56.632895839151075,0.30858567601887127,0.24459315851451877,0.005974093115432117,0.15159261280408995,0.411006117701123
76,RANDOLPH,4,Republican,107889,55954,0.065039067930929,0.005522393394574114,0.8201114108018427,0.9261357543696608,0.17988858919815737,0.0738642456303392,53.09863841540843,55.59441684240626,0.30858567601887127,0.22010704231161893,0.0026605892483319757,0.1307710552639449,0.3594167328376525
77,RICHMOND,4,Democrat,32909,14519,0.3146859521711386,0.5846132653764033,0.5901425142058403,0.35277911701907844,0.40985748579415965,0.6472208829809215,53.492995837005076,58.10469040567532,0.29848977483363215,0.22518382352941177,0.001838235294117647,0.13037330316742082,0.3706165158371041
77,RICHMOND,4,Republican,32909,8392,0.3146859521711386,0.03217349857006673,0.5901425142058403,0.8747616777883699,0.40985748579415965,0.12523832221163012,53.492995837005076,52.820185891325075,0.29848977483363215,0.2973137973137973,0.0022893772893772895,0.19688644688644688,0.5062576312576312
78,ROBESON,1,Democrat,86364,42992,0.2700546524014636,0.42473018235950877,0.2809619748969478,0.178405284704131,0.7190380251030521,0.821594715295869,51.275577787040895,56.180521957573504,0.3196470751702098,0.1933843671432324,0.0018199557206649405,0.15297009268640474,0.36847536492926564
78,ROBESON,1,Republican,86364,15366,0.2700546524014636,0.035988546140830406,0.2809619748969478,0.5029285435376806,0.7190380251030521,0.4970714564623194,51.275577787040895,50.944878302746325,0.3196470751702098,0.23822920976417045,0.002068680182043856,0.10815059991725279,0.3601985932974762
79,ROCKINGHAM,4,Democrat,70085,21124,0.18200756224584433,0.48854383639462223,0.7050724120710565,0.4288487028971786,0.2949275879289434,0.5711512971028214,55.088221445387745,59.78280628668813,0.3037882571163587,0.23067203139028364,0.003857280617164899,0.1397599175340006,0.38858776976025006
79,ROCKINGHAM,4,Republican,70085,27251,0.18200756224584433,0.01324722028549411,0.7050724120710565,0.8863894902939342,0.2949275879289434,0.11361050970606583,55.088221445387745,55.42508531796998,0.3037882571163587,0.2542653516665467,0.002303649845223526,0.1358073572816932,0.3993592973867972
80,ROWAN,4,Democrat,111135,27108,0.16059747154361811,0.49214254094732185,0.7311737976335088,0.4014313117898775,0.2688262023664912,0.5985686882101224,53.22793899311648,55.587501844473955,0.32457821568362805,0.2852806741894015,0.004785030709898586,0.13230252821025568,0.43279531495500645
80,ROWAN,4,Republican,111135,47122,0.16059747154361811,0.01224481134077501,0.7311737976335088,0.9171300029710114,0.2688262023664912,0.08286999702898858,53.22793899311648,55.97538304825771,0.32457821568362805,0.2931072258007975,0.0031111695368301125,0.1025590464922659,0.40388238902764995
81,RUTHERFORD,5,Democrat,53479,12357,0.08741749097776698,0.2808934207331877,0.8163204248396567,0.6375333818888079,0.1836795751603433,0.362466618111192,54.972082499672766,61.20757465404224,0.3400774135642028,0.252991452991453,0.004395604395604396,0.10956450956450957,0.3750915750915751
81,RUTHERFORD,5,Republican,53479,22621,0.08741749097776698,0.009637062906149154,0.8163204248396567,0.9069006675213297,0.1836795751603433,0.09309933247867026,54.972082499672766,55.51027806020954,0.3400774135642028,0.28480270257589263,0.0024398254586402665,0.15380284333505373,0.4467226575329611
82,SAMPSON,1,Democrat,43670,15200,0.26904053125715593,0.6325,0.5819784749255782,0.23796052631578948,0.4180215250744218,0.7620394736842105,53.10222120448821,58.214276315789476,0.24845431646439203,0.23611496806442656,0.0011802277145237434,0.10913635101360733,0.3613579561232991
82,SAMPSON,1,Republican,43670,17352,0.26904053125715593,0.019536652835408022,0.5819784749255782,0.8918856615952052,0.4180215250744218,0.10811433840479484,53.10222120448821,54.65197095435685,0.24845431646439203,0.3026814339842612,0.002258816671524337,0.06535995336636549,0.37336053628679683
83,SCOTLAND,4,Democrat,25223,11928,0.37727470959045317,0.6440308517773307,0.45494191809063156,0.261317907444668,0.5450580819093684,0.738682092555332,53.88340007136344,57.689470154258885,0.31447488403441304,0.151703346397347,0.002833886041603859,0.14886946035574314,0.32010853180584864
83,SCOTLAND,4,Republican,25223,5245,0.37727470959045317,0.05033365109628218,0.45494191809063156,0.7399428026692088,0.5450580819093684,0.26005719733079125,53.88340007136344,54.2558627264061,0.31447488403441304,0.12475633528265107,0.006202374623427255,0.12227538543328018,0.2580187843345738
84,STANLY,4,Democrat,50429,10298,0.10424557298379901,0.38085065061176926,0.7786789347399314,0.5183530782676248,0.22132106526006862,0.4816469217323752,53.453389914533304,58.91095358322004,0.31676218049138394,0.2757123473541384,0.0036635006784260515,0.11302578018995929,0.4094979647218453
84,STANLY,4,Republican,50429,23827,0.10424557298379901,0.00759642422461913,0.7786789347399314,0.8914256935409409,0.22132106526006862,0.10857430645905905,53.453389914533304,54.5481596508163,0.31676218049138394,0.3030340788735904,0.002118248084231512,0.1494610927668058,0.4663883870163853
85,STOKES,4,Democrat,36615,6432,0.038290318175611085,0.1714863184079602,0.8656834630615868,0.7515547263681592,0.13431653693841322,0.2484452736318408,54.93133961491192,62.84157338308458,0.29578041786153214,0.3111568652683052,0.004117874147471368,0.15081714065113885,0.47329815982499035
85,STOKES,4,Republican,36615,19097,0.038290318175611085,0.0030894904958894067,0.8656834630615868,0.9167408493480651,0.13431653693841322,0.08325915065193486,54.93133961491192,56.1196523014086,0.29578041786153214,0.337780689737328,0.0049437131455119425,0.1700518196438144,0.5185538149979153
86,SURRY,5,Democrat,54048,11331,0.03600503256364713,0.12276056835230782,0.856090882178804,0.7629511958344365,0.14390911782119598,0.2370488041655635,54.52693901716992,62.63268908304651,0.32147350503256367,0.2512534243035096,0.007649764821419341,0.13712720318395616,0.4060577867369618
86,SURRY,5,Republican,54048,25031,0.03600503256364713,0.002676680915664576,0.856090882178804,0.922456154368583,0.14390911782119598,0.07754384563141704,54.52693901716992,55.63860812592385,0.32147350503256367,0.23520138481036135,0.007418626935797966,0.1387901455905536,0.38737596983091716
87,SWAIN,5,Democrat,11657,3501,0.009436390151840095,0.016281062553556127,0.7726687827056704,0.7483576121108255,0.2273312172943296,0.25164238788917453,55.16702410568757,60.55041416738075,0.3779703182637042,0.2621580547112462,0.0070921985815602835,0.19984802431610943,0.4704913880445795
87,SWAIN,5,Republican,11657,3667,0.009436390151840095,0.0029997272975184073,0.7726687827056704,0.8641941641668939,0.2273312172943296,0.13580583583310607,55.16702410568757,56.62339787292064,0.3779703182637042,0.23564023536004483,0.005743905855982068,0.2077612776688148,0.4564303726534043
88,TRANSYLVANIA,5,Democrat,30917,7037,0.027169518387941908,0.07702145800767372,0.8964970728078403,0.8537729145942874,0.10350292719215966,0.14622708540571266,58.51088397968755,63.18445360238738,0.4419898437752693,0.40002910360884747,0.02168218859138533,0.3971187427240978,0.8367287543655413
88,TRANSYLVANIA,5,Republican,30917,10029,0.027169518387941908,0.0021936384484993517,0.8964970728078403,0.9380795692491773,0.10350292719215966,0.06192043075082262,58.51088397968755,61.080267225047365,0.4419898437752693,0.3167583791895948,0.006203101550775388,0.1567783891945973,0.49014507253626816
89,TYRRELL,1,Democrat,2648,1201,0.2828549848942598,0.5395503746877602,0.6174471299093656,0.4063280599500416,0.38255287009063443,0.5936719400499584,57.44939577039275,62.73105745212323,0.34818731117824775,0.3321976149914821,8.517887563884157e-4,0.17291311754684838,0.5119250425894378
89,TYRRELL,1,Republican,2648,516,0.2828549848942598,0.029069767441860465,0.6174471299093656,0.8430232558139535,0.38255287009063443,0.1569767441860465,57.44939577039275,54.14147286821706,0.34818731117824775,0.3939393939393939,0,0.24242424242424243,0.6473829201101928
90,UNION,3,Democrat,196768,45102,0.1127266628720117,0.35264511551594163,0.7079555618799804,0.44248592080173826,0.2920444381200195,0.5575140791982617,49.74700662709384,51.426278213826436,0.3655929825987966,0.3084940550783996,0.006021334474432253,0.20503102362686065,0.5294800868050249
90,UNION,3,Republican,196768,78259,0.1127266628720117,0.00959634035701964,0.7079555618799804,0.8778543042972693,0.2920444381200195,0.12214569570273068,49.74700662709384,52.182177129786986,0.3655929825987966,0.21740396868742035,0.0020571636628436193,0.12945567085381396,0.35341343528126706
91,VANCE,2,Democrat,32919,19266,0.49797989003311155,0.7140558496833801,0.4028372672316899,0.21872729160178553,0.5971627327683101,0.7812727083982145,53.60837206476503,56.57764974566594,0.23895015036908776,0.1708392518939394,0.0019087357954545455,0.12414180871212122,0.3100290009469697
91,VANCE,2,Republican,32919,5638,0.49797989003311155,0.06970556935083363,0.4028372672316899,0.843738914508691,0.5971627327683101,0.156261085491309,53.60837206476503,54.094891805604824,0.23895015036908776,0.20090506269444705,0.0020741020081078533,0.09276892618082398,0.30036768171961914
92,WAKE,2,Democrat,928013,327967,0.18206318230455823,0.3653263895452896,0.6147456986055152,0.45465854796366706,0.3852543013944848,0.5453414520363329,48.33445436647978,50.18300316800166,0.4201525194151375,0.4619322209237725,0.011835475775397996,0.23250253836280388,0.710626640357095
92,WAKE,2,Republican,928013,201970,0.18206318230455823,0.019587067386245483,0.6147456986055152,0.8598851314551667,0.3852543013944848,0.1401148685448334,48.33445436647978,53.462845967222854,0.4201525194151375,0.24204677576727798,0.006023709226032239,0.0753226569757591,0.3245850301185461
93,WARREN,2,Democrat,15629,9440,0.47680593767995394,0.6958686440677966,0.4158295476358052,0.2065677966101695,0.5841704523641947,0.7934322033898306,57.851941902872866,59.597457627118644,0.22355876895514748,0.24845156012621245,0.0026878578941217715,0.1848778777608975,0.4560009349070936
93,WARREN,2,Republican,15629,2630,0.47680593767995394,0.043726235741444866,0.4158295476358052,0.8847908745247148,0.5841704523641947,0.11520912547528517,57.851941902872866,59.490114068441066,0.22355876895514748,0.3308628904182107,0.0031762837480148226,0.0968766543144521,0.43885653785071466
94,WASHINGTON,1,Democrat,9585,5639,0.46854460093896716,0.693740024827097,0.45967657798643713,0.2716793757758468,0.5403234220135629,0.7283206242241532,56.73082942097027,59.958503280723534,0.24089723526343246,0.24888175249455213,0.001605688725771304,0.11388920747792178,0.3814657644225255
94,WASHINGTON,1,Republican,9585,1612,0.46854460093896716,0.06017369727047146,0.45967657798643713,0.8933002481389578,0.5403234220135629,0.10669975186104218,56.73082942097027,55.37468982630273,0.24089723526343246,0.4022082018927445,0.0015772870662460567,0.16798107255520506,0.5780757097791798
95,WATAUGA,5,Democrat,54005,14235,0.020775854087584485,0.04039339655778012,0.8728265901305434,0.8506498068141903,0.12717340986945652,0.14935019318580964,44.4552171095269,44.82395504039339,0.4466253124710675,0.3911515640301861,0.019067918658908924,0.39103635002016246,0.8426752693127484
95,WATAUGA,5,Republican,54005,15065,0.020775854087584485,0.002389644872220378,0.8728265901305434,0.9420511118486559,0.12717340986945652,0.05794888815134418,44.4552171095269,52.532890806505144,0.4466253124710675,0.1960935244876359,0.006254209564129702,0.09645915520061579,0.30486866159915327
96,WAYNE,1,Democrat,86601,32287,0.31658987771503794,0.661969213615387,0.5566794840706227,0.2396939944869452,0.44332051592937727,0.7603060055130548,52.71845590697567,56.70337906897513,0.28175194281821225,0.21016544939633328,0.0028320166939931435,0.16276643314950068,0.40348785213891786
96,WAYNE,1,Republican,86601,29242,0.31658987771503794,0.026468777785377196,0.5566794840706227,0.8865330688735381,0.44332051592937727,0.11346693112646195,52.71845590697567,54.780452773408115,0.28175194281821225,0.25766970618034446,0.0035663627152988857,0.18921985815602838,0.46682877406281664
97,WILKES,5,Democrat,50324,8385,0.03733804943963119,0.15599284436493738,0.8795008345918448,0.7551580202742993,0.12049916540815515,0.24484197972570065,55.50198712344011,61.48205128205128,0.2838804546538431,0.3547875713379835,0.0077150708095540055,0.13400972310293807,0.5042274360600296
97,WILKES,5,Republican,50324,27388,0.03733804943963119,0.004564042646414488,0.8795008345918448,0.9351175697385716,0.12049916540815515,0.06488243026142836,55.50198712344011,57.49390243902439,0.2838804546538431,0.4032585696148963,0.006517139229792636,0.11129919593736776,0.5292001692763436
98,WILSON,1,Democrat,62588,28835,0.3977439764811146,0.7071614357551587,0.4930178308941011,0.2150164730362407,0.5069821691058989,0.7849835269637593,52.92730235827954,55.83676088087394,0.284495430433949,0.21155662090506283,0.0012348369288879204,0.13565046851165832,0.3570857848478245
98,WILSON,1,Republican,62588,15607,0.3977439764811146,0.036842442493752806,0.4930178308941011,0.8903056320881656,0.5069821691058989,0.10969436791183443,52.92730235827954,55.57243544563337,0.284495430433949,0.28446077696115196,0.0035248237588120595,0.12059397030148493,0.4110544472776361
99,YADKIN,5,Democrat,28264,3598,0.02993206906311916,0.1539744302390217,0.8766275120294368,0.6873262923846581,0.12337248797056326,0.31267370761534186,54.51468298896122,58.168148971650915,0.2972686102462496,0.4125993189557321,0.009080590238365494,0.11634506242905789,0.5442678774120318
99,YADKIN,5,Republican,28264,16097,0.02993206906311916,0.0033546623594458594,0.8766275120294368,0.9402373113002422,0.12337248797056326,0.05976268869975772,54.51468298896122,56.77697707647388,0.2972686102462496,0.393161094224924,0.004027355623100304,0.10478723404255319,0.5072948328267477
100,YANCEY,5,Democrat,16996,4711,0.005589550482466463,0.011462534493738059,0.9173923276064957,0.9327106771386118,0.08260767239350435,0.06728932286138824,56.98835020004707,63.30078539588198,0.3394328077194634,0.2791164658634538,0.012717536813922356,0.2563587684069612,0.5551093261936635
100,YANCEY,5,Republican,16996,6408,0.005589550482466463,0.0010923845193508116,0.9173923276064957,0.9363295880149812,0.08260767239350435,0.06367041198501873,56.98835020004707,57.519194756554306,0.3394328077194634,0.2932346288299404,0.007197203372403866,0.23997532387415177,0.548221262595106
