jurisdiction,party,county_total_reg,county_total_party_reg,county_pct_black,county_pct_party_black,county_pct_white,county_pct_party_white,county_pct_nonwhite,county_pct_party_nonwhite,county_avg_age,county_avg_party_age,county_pct_una,county_pct_party_election_day_lag,county_pct_party_absentee_lag,county_pct_party_early_lag,county_pct_party_turnout_lag
ALAMANCE,Democrat,130044,43958,0.20637630340500138,0.46683197597706905,0.6548245209313771,0.39783429637381135,0.34517547906862295,0.6021657036261886,52.17274153363477,54.590017744210385,0.3351019654886039,0.28544905280382654,0.006576877084775631,0.16977154005916043,0.46985335766882746
ALAMANCE,Republican,130044,41669,0.20637630340500138,0.015311142576015744,0.6548245209313771,0.9081331445439056,0.34517547906862295,0.09186685545609447,52.17274153363477,56.019558904701334,0.3351019654886039,0.2625448334756618,0.005123825789923143,0.14763450042698548,0.41837745516652436
ALEXANDER,Democrat,28687,5183,0.03956495973786035,0.1522284391279182,0.8806776588698714,0.7788925332818831,0.11932234113012863,0.22110746671811693,54.51699376023983,62.599266833879994,0.3352738174085823,0.23968827219159855,0.0043717924348983086,0.19444972438699867,0.44611290629157957
ALEXANDER,Republican,28687,13743,0.03956495973786035,0.0032016299206868953,0.8806776588698714,0.9350214654733319,0.11932234113012863,0.06497853452666812,54.51699376023983,55.45695990686168,0.3352738174085823,0.27625528784256026,0.0026669118999448223,0.23376862240205995,0.5204156704064742
ALLEGHANY,Democrat,9271,2234,0.009384100959982742,0.02730528200537153,0.8950490777693885,0.9100268576544315,0.10495092223061159,0.08997314234556848,58.94962787185848,66.98567591763653,0.33836695070650413,0.2459016393442623,0.011384335154826957,0.24089253187613843,0.5040983606557377
ALLEGHANY,Republican,9271,3843,0.009384100959982742,0.0010408534998698933,0.8950490777693885,0.9188134270101483,0.10495092223061159,0.08118657298985169,58.94962787185848,59.14519906323185,0.33836695070650413,0.2616127833519138,0.010405053883314752,0.2831661092530658,0.5615013006317354
ANSON,Democrat,18307,10356,0.4037253509586497,0.6266898416376979,0.42677664281422406,0.22981846272692158,0.5732233571857759,0.7701815372730784,54.140219588135686,56.98512939358826,0.24329491451357405,0.17928719518215025,0.004245236449797611,0.15065653075328264,0.33991509527100405
ANSON,Republican,18307,3427,0.4037253509586497,0.04172745841844178,0.42677664281422406,0.7703530784943099,0.5732233571857759,0.2296469215056901,54.140219588135686,53.26086956521739,0.24329491451357405,0.32323232323232326,0.0016161616161616162,0.14545454545454545,0.47474747474747475
ASHE,Democrat,23107,4674,0.006015493140606743,0.013906718014548566,0.9246115895616047,0.9308943089430894,0.0753884104383953,0.06910569105691057,57.514346301986414,65.30423620025674,0.33543947721469686,0.3478643769264641,0.01343020695728754,0.1754733597534126,0.5402906208718626
ASHE,Republican,23107,10555,0.006015493140606743,0.0018948365703458077,0.9246115895616047,0.9395547134059687,0.0753884104383953,0.06044528659403126,57.514346301986414,58.794504973946,0.33543947721469686,0.3144871953482618,0.005196090560435482,0.11963379933193122,0.44191513052084624
AVERY,Democrat,14477,1517,0.005249706430890378,0.02109426499670402,0.909373488982524,0.8707976268951879,0.090626511017476,0.12920237310481214,56.69047454583132,58.68094924192485,0.31788353940733577,0.5681650700073692,0.01989683124539425,0.16285924834193072,0.7686072218128224
AVERY,Republican,14477,8275,0.005249706430890378,0.0014501510574018127,0.909373488982524,0.9309969788519638,0.090626511017476,0.06900302114803625,56.69047454583132,58.79395770392749,0.31788353940733577,0.47504812675847774,0.007996446023989337,0.1039537983118614,0.6022508514734192
BEAUFORT,Democrat,39872,12769,0.21734550561797752,0.5574438092254679,0.6953250401284109,0.37442242932101183,0.3046749598715891,0.6255775706789882,56.61840389245586,60.48617746103845,0.3116723515248796,0.28847440615590497,0.003763800602208096,0.15063566410170626,0.44688859150217464
BEAUFORT,Republican,39872,14506,0.21734550561797752,0.01578657107403833,0.6953250401284109,0.9216186405625258,0.3046749598715891,0.07838135943747415,56.61840389245586,57.075692816765475,0.3116723515248796,0.3423277567907897,0.003957546321280806,0.1556934700485699,0.5041374347904299
BERTIE,Democrat,14773,9194,0.5655587896838827,0.776158364150533,0.3614702497800041,0.18261909941266044,0.6385297502199959,0.8173809005873396,56.02362417924592,59.43930824450729,0.24714005279902526,0.23222748815165878,0.002311871459946827,0.13085192463299042,0.38307710091318925
BERTIE,Republican,14773,1886,0.5655587896838827,0.1007423117709438,0.3614702497800041,0.8313891834570519,0.6385297502199959,0.16861081654294804,56.02362417924592,53.645281018027575,0.24714005279902526,0.36671270718232046,6.906077348066298e-4,0.14019337016574585,0.5234806629834254
BLADEN,Democrat,26652,11616,0.34166291460303166,0.6540117079889807,0.5594326879783881,0.27763429752066116,0.44056731202161187,0.7223657024793388,54.487505628095455,59.18517561983471,0.3302566411526339,0.2172033118675253,0.0030358785648574057,0.16062557497700092,0.39779208831646734
BLADEN,Republican,26652,6126,0.34166291460303166,0.03232125367286973,0.5594326879783881,0.8901403852432256,0.44056731202161187,0.1098596147567744,54.487505628095455,52.93666340189357,0.3302566411526339,0.3888,0.006857142857142857,0.2838857142857143,0.6905142857142857
BRUNSWICK,Democrat,149879,32226,0.06898231239866826,0.23282442748091603,0.834853448448415,0.6758517966859058,0.16514655155158495,0.3241482033140942,59.694680375502905,62.00083783280581,0.376363599970643,NA,NA,NA,NA
BRUNSWICK,Republican,149879,60369,0.06898231239866826,0.006311186204840232,0.834853448448415,0.9144097135947258,0.16514655155158495,0.08559028640527423,59.694680375502905,61.4158922625851,0.376363599970643,NA,NA,NA,NA
BUNCOMBE,Democrat,245354,88038,0.05022946436577354,0.09643563006883392,0.8345533392567474,0.8023126377246189,0.1654466607432526,0.19768736227538108,52.79178248571452,55.30009768509053,0.41419744532389935,0.4085502708078541,0.015536172671926028,0.39697877887833133,0.8405795153681778
BUNCOMBE,Republican,245354,53486,0.05022946436577354,0.007833825674008152,0.8345533392567474,0.9091724937366787,0.1654466607432526,0.09082750626332124,52.79178248571452,57.22662005010657,0.41419744532389935,0.2506209026021972,0.006622961090103596,0.17042937372742936,0.43751817958069494
BURKE,Democrat,66704,15373,0.05314523866634684,0.17003837897612697,0.84111897337491,0.731347167111169,0.15888102662508996,0.2686528328888311,54.65264451906932,61.54933975151239,0.3656302470616455,0.2592880350331968,0.006498092950981777,0.18823280124311342,0.46355417431840656
BURKE,Republican,66704,26513,0.05314523866634684,0.00494097235318523,0.84111897337491,0.9295439972843511,0.15888102662508996,0.07045600271564893,54.65264451906932,56.11699920793573,0.3656302470616455,0.23223598435462842,0.0022816166883963492,0.15352020860495436,0.39260104302477183
CABARRUS,Democrat,173801,49991,0.20049942175246402,0.48138664959692745,0.6375337311062652,0.355624012322218,0.3624662688937348,0.644375987677782,49.850207996501744,51.17475145526195,0.368985218727165,0.39713483975779057,0.00893516467286959,0.09658839167035889,0.5114212573228967
CABARRUS,Republican,173801,58114,0.20049942175246402,0.016983859311009396,0.6375337311062652,0.8896995560450149,0.3624662688937348,0.11030044395498503,49.850207996501744,54.04098840210621,0.368985218727165,0.28364676854174875,0.004955524684318564,0.069190735864314,0.36328764851023243
CALDWELL,Democrat,60662,11309,0.04810260129900102,0.19197099655141922,0.8612640532788236,0.7177469272261031,0.13873594672117637,0.2822530727738969,54.6494180871056,60.11168096206561,0.31629356104315715,0,0,0,0
CALDWELL,Republican,60662,29727,0.04810260129900102,0.00403673428196589,0.8612640532788236,0.9262959599017728,0.13873594672117637,0.0737040400982272,54.6494180871056,56.03061190163824,0.31629356104315715,0,0,0,0
CAMDEN,Democrat,9448,1688,0.11102878916172736,0.4662322274881517,0.8210203217612193,0.4863744075829384,0.1789796782387807,0.5136255924170616,51.743966977138015,60.59241706161137,0.44041066892464015,0.2856353591160221,0.0033149171270718232,0.15082872928176796,0.443646408839779
CAMDEN,Republican,9448,3506,0.11102878916172736,0.006274957216200799,0.8210203217612193,0.9204221334854535,0.1789796782387807,0.07957786651454649,51.743966977138015,49.73302909298346,0.44041066892464015,0.3546017014694509,0.005413766434648105,0.1925754060324826,0.5556844547563805
CARTERET,Democrat,65782,11711,0.04064941777385911,0.1548971052856289,0.8682314310905719,0.7671420032448125,0.13176856890942812,0.23285799675518742,57.0072360220121,62.619161472120226,0.36037213827490805,0.37686435701702875,0.009277745155607751,0.2196124486200822,0.6217263652378157
CARTERET,Republican,65782,29926,0.04064941777385911,0.0047784535186794095,0.8682314310905719,0.9211388090623538,0.13176856890942812,0.0788611909376462,57.0072360220121,58.29897079462675,0.36037213827490805,0.3106727721028531,0.002700481390160855,0.17318304567335915,0.4972408124926617
CASWELL,Democrat,17311,7075,0.30310207382589105,0.6424028268551236,0.6194904973716134,0.30501766784452294,0.38050950262838656,0.694982332155477,55.87782334931546,61.460494699646645,0.31361562012593147,0.26521739130434785,0.002028985507246377,0.18565217391304348,0.4657971014492754
CASWELL,Republican,17311,4733,0.30310207382589105,0.020071836044791888,0.6194904973716134,0.9049228818930911,0.38050950262838656,0.09507711810690894,55.87782334931546,53.2467779421086,0.31361562012593147,0.31474452554744525,0.005255474452554744,0.15094890510948905,0.4744525547445255
CATAWBA,Democrat,127691,24548,0.08101588992176426,0.29057357014828095,0.7832345271005787,0.5647710607788822,0.21676547289942125,0.4352289392211178,53.07055313217063,56.84153495193091,0.3696266768997032,0.291681369089626,0.010012350035285816,0.18736767819336628,0.4999117854622442
CATAWBA,Republican,127691,55060,0.08101588992176426,0.0075190701053396295,0.7832345271005787,0.9165637486378496,0.21676547289942125,0.08343625136215038,53.07055313217063,56.24624046494733,0.3696266768997032,0.25956519765805836,0.004084781918032043,0.19023737121590342,0.45962873871011667
CHATHAM,Democrat,69255,24674,0.09980506822612085,0.2249736564805058,0.7366110750126345,0.6294074734538381,0.26338892498736555,0.3705925265461619,56.960667099848386,60.47977628272676,0.4005631362356509,0.4341732020690806,0.019022192557984315,0.37168363090271983,0.844068079425997
CHATHAM,Republican,69255,16425,0.09980506822612085,0.009984779299847793,0.7366110750126345,0.8750076103500761,0.26338892498736555,0.1249923896499239,56.960667099848386,58.1330898021309,0.4005631362356509,0.2954572986069049,0.006541490006056935,0.1567534827377347,0.4655360387643852
CHEROKEE,Democrat,27108,4278,0.01010771727903202,0.034361851332398316,0.9350007377895824,0.9100046750818139,0.06499926221041759,0.08999532491818607,59.01663715508337,65.48807854137448,0.3301977276080862,0.30642890661661193,0.009385265133740028,0.13937118723603942,0.4563585171281089
CHEROKEE,Republican,27108,13697,0.01010771727903202,0.002336278017084033,0.9350007377895824,0.9523983354019129,0.06499926221041759,0.04760166459808717,59.01663715508337,59.43717602394685,0.3301977276080862,0.3520958083832335,0.009780439121756487,0.16656686626746506,0.5291417165668663
CHOWAN,Democrat,12029,4424,0.2724249729819603,0.6010397830018083,0.6584088452905479,0.35940325497287523,0.34159115470945217,0.6405967450271248,57.150719095519165,61.4868896925859,0.3312827333942971,0.23803827751196172,0.008373205741626795,0.11315789473684211,0.37057416267942583
CHOWAN,Republican,12029,3563,0.2724249729819603,0.023856300870053325,0.6584088452905479,0.9211338759472355,0.34159115470945217,0.07886612405276452,57.150719095519165,57.08812798203761,0.3312827333942971,0.24888059701492538,0.006716417910447761,0.2208955223880597,0.4847014925373134
CLAY,Democrat,11716,1806,0.00401160805735746,0.006644518272425249,0.942557186753158,0.9396456256921373,0.057442813246841924,0.06035437430786268,60.079976101058385,65.68660022148394,0.3601058381700239,0.3288009888751545,0.013597033374536464,0.25092707045735474,0.6044499381953028
CLAY,Republican,11716,5620,0.00401160805735746,0.0017793594306049821,0.942557186753158,0.9546263345195729,0.057442813246841924,0.045373665480427046,60.079976101058385,60.86814946619217,0.3601058381700239,0.3288381742738589,0.006742738589211619,0.2733402489626556,0.6203319502074689
CLEVELAND,Democrat,77489,24129,0.1984668791699467,0.5091798251067181,0.7001380841151648,0.4218989597579676,0.29986191588483524,0.5781010402420325,53.474183432487195,58.88499316175557,0.3070887480803727,0.23716423720749166,0.003590120679960206,0.09870669146589385,0.35689259916086336
CLEVELAND,Republican,77489,29058,0.1984668791699467,0.015658338495422947,0.7001380841151648,0.8911831509395003,0.29986191588483524,0.1088168490604997,53.474183432487195,53.820496937160165,0.3070887480803727,0.2572363569321534,0.0032724926253687317,0.11578171091445427,0.3848174778761062
COLUMBUS,Democrat,42107,17408,0.28940556202056666,0.5702550551470589,0.60538627781604,0.34415211397058826,0.3946137221839599,0.6558478860294118,54.21777851663619,59.756663602941174,0.30016386824043506,0.18797512093987562,0.0015894955079474775,0.08479612992398065,0.28507256392536284
COLUMBUS,Republican,42107,11932,0.28940556202056666,0.025561515253100905,0.60538627781604,0.881914180355347,0.3946137221839599,0.11808581964465303,54.21777851663619,52.72955078779752,0.30016386824043506,0.30791345135421394,0.0018157058556513845,0.11484339536995007,0.4328945377515509
CRAVEN,Democrat,89734,24581,0.1891479260926739,0.5107196615271958,0.6980520204158959,0.4015703185387088,0.30194797958410413,0.5984296814612913,53.99149709140348,58.28603392864407,0.3507700537143112,0.2774501544509969,0.006739679865206402,0.17612093981091453,0.4926986801460264
CRAVEN,Republican,89734,32881,0.1891479260926739,0.019312064718226333,0.6980520204158959,0.9022839937958091,0.30194797958410413,0.09771600620419087,53.99149709140348,55.952464949362856,0.3507700537143112,0.2758189446506374,0.00383249959657899,0.16883169275455867,0.4674842665806035
CUMBERLAND,Democrat,253777,105631,0.39502397774424003,0.6808417983357158,0.4122792845687355,0.18288191913358767,0.5877207154312645,0.8171180808664124,49.10794516445541,52.729681627552516,0.343636342142905,0.22828290412193109,0.002878093950997322,0.1334935055184323,0.38782941662286957
CUMBERLAND,Republican,253777,58427,0.39502397774424003,0.05213343146148185,0.4122792845687355,0.7880603145805878,0.5877207154312645,0.21193968541941227,49.10794516445541,52.218614681568454,0.343636342142905,0.20760949043140617,0.002647437028819243,0.08665943874334989,0.304656967802123
CURRITUCK,Democrat,26857,3955,0.049149197602114905,0.22756005056890014,0.8690099415422422,0.6922882427307206,0.13099005845775774,0.3077117572692794,52.725769817924565,59.49355246523388,0.42473098261160963,0.47322899505766064,0.011120263591433279,0.10090609555189456,0.591845140032949
CURRITUCK,Republican,26857,11225,0.049149197602114905,0.005790645879732739,0.8690099415422422,0.933630289532294,0.13099005845775774,0.06636971046770601,52.725769817924565,52.84,0.42473098261160963,0.388811467250647,0.002389010551463269,0.14393788572566196,0.5383237109297233
DARE,Democrat,37785,8872,0.017149662564509727,0.04981965734896303,0.9065237528119624,0.8818755635707844,0.09347624718803758,0.11812443642921551,56.05788011115522,60.06785392245266,0.41466190287150984,0.4435836561289516,0.009371485692865176,0.20367362239160314,0.6656253904785705
DARE,Republican,37785,12919,0.017149662564509727,0.0020125396702531154,0.9065237528119624,0.9386949454292128,0.09347624718803758,0.061305054570787214,56.05788011115522,57.46961839151637,0.41466190287150984,0.2412532637075718,0.0029242819843342035,0.09671018276762403,0.34443864229765014
DAVIDSON,Democrat,130728,25429,0.09367541766109785,0.35290416453655277,0.7982834587846521,0.5276652640685832,0.2017165412153479,0.4723347359314169,53.25787895477633,57.59149003106689,0.31821797931583135,0.2755306880792722,0.0064066971340708155,0.13543757741425705,0.4263443386152992
DAVIDSON,Republican,130728,62789,0.09367541766109785,0.006259058115274969,0.7982834587846521,0.9199541320932011,0.2017165412153479,0.08004586790679896,53.25787895477633,55.587029575244074,0.31821797931583135,0.24125237492083598,0.003641545281823939,0.13903182393920202,0.3894078530715643
DAVIE,Democrat,37168,5616,0.05994403788204907,0.2774216524216524,0.8461579853637538,0.6038105413105413,0.15384201463624622,0.3961894586894587,54.77055531640121,58.27332621082621,0.3336203185535945,0.3697781331201279,0.008394963022186688,0.24485308814711174,0.629222466520088
DAVIE,Republican,37168,18920,0.05994403788204907,0.00459830866807611,0.8461579853637538,0.9322410147991543,0.15384201463624622,0.06775898520084567,54.77055531640121,57.18303382663848,0.3336203185535945,0.30341431385423506,0.0034143138542350624,0.16920551543007223,0.480236375574524
DUPLIN,Democrat,36026,13115,0.2683062232831844,0.5872664887533359,0.5835230111586077,0.2844071673656119,0.41647698884139234,0.7155928326343881,53.32473768944651,58.31902401829966,0.3244323544107034,0.2706222865412446,0.0018491718925872326,0.08385592538993407,0.3692715870718765
DUPLIN,Republican,36026,11049,0.2683062232831844,0.024708118381754005,0.5835230111586077,0.8820707756358042,0.41647698884139234,0.11792922436419585,53.32473768944651,53.73554167797991,0.3244323544107034,0.42517872288864655,0.0015751847812916515,0.09196655761541257,0.5268387253120077
DURHAM,Democrat,280366,148842,0.3143355471062825,0.4570416952204351,0.48125307633593234,0.39281251259725075,0.5187469236640677,0.6071874874027492,47.48764472154256,49.13858319560339,0.3623370879493234,0.3290139123024768,0.007104351531094274,0.27887590077990404,0.6463107389637095
DURHAM,Republican,280366,28232,0.3143355471062825,0.05553981297818079,0.48125307633593234,0.81358033437234345,0.5187469236640677,0.18641966562765655,47.48764472154256,54.86164635874185,0.3623370879493234,0.19966198770010798,0.002675930707478522,0.1062391437021736,0.3217219848833388
EDGECOMBE,Democrat,40050,24651,0.5662421972534332,0.7946939272240477,0.3533832709113608,0.16640298568009412,0.6466167290886392,0.8335970143199058,53.916754057428214,57.114680946006246,0.19420724094881398,0.19377043538117364,9.895026673550163e-4,0.1083290311478231,0.3085957666494579
EDGECOMBE,Republican,40050,7463,0.5662421972534332,0.07208897226316495,0.3533832709113608,0.8673455714859976,0.6466167290886392,0.13265442851400241,53.916754057428214,54.4285140024119,0.19420724094881398,0.23040380047505937,0.0011876484560570072,0.08839497794367153,0.32270105191720394
FORSYTH,Democrat,313341,118258,0.2504045113789769,0.5044309898696071,0.6049607296842737,0.37482453618359857,0.39503927031572633,0.6251754638164014,51.399529585978215,53.102496237041045,0.3454926102871951,0.31764263922407904,0.009653476617640362,0.20554619552843678,0.5525590820090159
FORSYTH,Republican,313341,84592,0.2504045113789769,0.02257896727822962,0.6049607296842737,0.8956402496689995,0.39503927031572633,0.10435975033100056,51.399529585978215,57.19397815396255,0.3454926102871951,0.25198314129581256,0.004471082194195606,0.09927725517219275,0.36276662232977036
FRANKLIN,Democrat,58627,19874,0.23750149248639704,0.5609338834658347,0.6318419840687738,0.3437154070645064,0.3681580159312262,0.6562845929354936,52.154740989646406,56.731508503572506,0.34434646152796494,0.25815934725221984,0.008639308855291577,0.21478281737461002,0.49232061435085195
FRANKLIN,Republican,58627,18090,0.23750149248639704,0.01885019347705915,0.6318419840687738,0.890049751243781,0.3681580159312262,0.10995024875621891,52.154740989646406,53.48413488114981,0.34434646152796494,0.2619535019739728,0.002997514256470244,0.12063167129697325,0.38865331188770286
GASTON,Democrat,174807,46954,0.1731852843421602,0.46198406951484433,0.7035530613762607,0.4242663031903565,0.29644693862373933,0.5757336968096435,51.94236500826626,54.51978532180432,0.3346033053596252,0.25789367835355637,0.0052289334316551585,0.13789635985788026,0.40835958972983843
GASTON,Republican,174807,67826,0.1731852843421602,0.014050659039306461,0.7035530613762607,0.9029723115029634,0.29644693862373933,0.09702768849703654,51.94236500826626,54.98742370182526,0.3346033053596252,0.20639687664239056,0.0035788472608053656,0.11254598693595615,0.32747703781565185
GATES,Democrat,9227,3946,0.3004226725913081,0.5922453117080588,0.6202449333477836,0.34693360364926507,0.3797550666522163,0.6530663963507349,54.201040424840144,60.490876837303595,0.3157039124309093,0.253322908522283,0.003388063591347407,0.1125879593432369,0.3820693249934845
GATES,Republican,9227,2320,0.3004226725913081,0.027586206896551724,0.6202449333477836,0.8883620689655173,0.3797550666522163,0.11163793103448276,54.201040424840144,50.960344827586205,0.3157039124309093,0.23566155593412833,0.005110732538330494,0.07495741056218058,0.31629755820556504
GRAHAM,Democrat,7147,1421,0.0013991884706870015,0.0028149190710767065,0.9104519378760318,0.8761435608726249,0.0895480621239681,0.12385643912737508,56.281796557996365,63.556650246305416,0.2998460892682244,0.23215476984656438,0.004002668445630421,0.1627751834556371,0.4082721814543029
GRAHAM,Republican,7147,3546,0.0013991884706870015,2.820078962210942e-4,0.9104519378760318,0.9388042865200226,0.0895480621239681,0.06119571347997744,56.281796557996365,56.43062605752961,0.2998460892682244,0.36052141527001863,0.00782122905027933,0.2037243947858473,0.5810055865921788
GRANVILLE,Democrat,45940,18837,0.289007400957771,0.5946806816372033,0.5718545929473225,0.3094441790093964,0.4281454070526774,0.6905558209906036,52.931084022638224,56.94855868768912,0.31795820635611666,0.2323354674972602,0.0027109649881755784,0.19380515660148814,0.4428101747707216
GRANVILLE,Republican,45940,12192,0.289007400957771,0.020013123359580054,0.5718545929473225,0.8609744094488189,0.4281454070526774,0.1390255905511811,52.931084022638224,53.33464566929134,0.31795820635611666,0.22023115258191073,0.0019085993001802565,0.14028204856324886,0.36910189799597076
GREENE,Democrat,12723,5955,0.346616364065079,0.6263643996641478,0.5513636720899159,0.2970612930310663,0.4486363279100841,0.7029387069689337,54.20301815609526,58.75331654072208,0.3059026959050538,0.24509977043969627,0.002472187886279357,0.15062687621402085,0.407557831538054
GREENE,Republican,12723,2830,0.346616364065079,0.030742049469964665,0.5513636720899159,0.8759717314487633,0.4486363279100841,0.12402826855123675,54.20301815609526,51.573498233215545,0.3059026959050538,0.4591052869408043,0.004066877541798464,0.21057388160867602,0.6791685494803434
GUILFORD,Democrat,439938,183036,0.3319717778414231,0.5911241504403505,0.5147793552727884,0.2994656788828427,0.48522064472721155,0.7005343211171573,50.36380353595279,51.604935641076075,0.34277557292163896,0.31396254149771724,0.0057115807438134925,0.18648902840841852,0.5117439318347441
GUILFORD,Republican,439938,103217,0.3319717778414231,0.0337541296491857,0.5147793552727884,0.8810273501458094,0.48522064472721155,0.11897264985419069,50.36380353595279,57.447319724463995,0.34277557292163896,0.2363071960407415,0.004485097545348093,0.09404343695455249,0.33630498663308367
HALIFAX,Democrat,40907,23895,0.5153396729166158,0.738104205900816,0.385850832375877,0.18041431261770244,0.614149167624123,0.8195856873822975,54.81673063289902,57.820715630885125,0.2789253672965507,0.24431159641310315,0.002135057646556457,0.09107545903739402,0.35197950344659307
HALIFAX,Republican,40907,5447,0.5153396729166158,0.09307875894988067,0.385850832375877,0.836423719478612,0.614149167624123,0.16357628052138792,54.81673063289902,54.68037451808335,0.2789253672965507,0.3659378596087457,0.002685078634445723,0.09052550824702724,0.4656693517453011
HARNETT,Democrat,98907,28658,0.2054354090205951,0.5082699420755112,0.6197640207467621,0.3388931537441552,0.3802359792532379,0.6611068462558448,49.56553125663502,54.09808779398423,0.34320118899572327,0.21174896618827535,0.004743371442471419,0.12207086678018325,0.36013135490148385
HARNETT,Republican,98907,35230,0.2054354090205951,0.0209480556344025,0.6197640207467621,0.8538745387453874,0.3802359792532379,0.14612546125461254,49.56553125663502,51.88010218563724,0.34320118899572327,0.22772499438916735,0.003852771751327897,0.11427395825540511,0.3581207451185756
HAYWOOD,Democrat,54617,15193,0.010418001721075855,0.024748239320739815,0.925975428895765,0.928848811952873,0.07402457110423495,0.07115118804712697,56.68116154310929,63.62436648456526,0.366131424281817,0.3370203940546146,0.010024196335983409,0.2414794331144141,0.5978568959557553
HAYWOOD,Republican,54617,19047,0.010418001721075855,0.0018900614269963774,0.925975428895765,0.9439806793720796,0.07402457110423495,0.05601932062792041,56.68116154310929,57.04016380532367,0.366131424281817,0.32,0.005825932504440497,0.20120781527531084,0.5345648312611012
HENDERSON,Democrat,104776,20595,0.026456440406199894,0.08424374848264142,0.8746945865465374,0.7970381160475843,0.12530541345346263,0.20296188395241563,57.740847140566544,59.935372663267785,0.43122470794838513,0.47246954076850983,0.019915651358950327,0.36633083411433925,0.875761480787254
HENDERSON,Republican,104776,38212,0.026456440406199894,0.0034805820161205904,0.8746945865465374,0.9349157332775044,0.12530541345346263,0.06508426672249555,57.740847140566544,60.532607557835235,0.43122470794838513,0.3157980456026059,0.0075895765472312705,0.2290228013029316,0.5658306188925082
HERTFORD,Democrat,16152,10504,0.5994923229321446,0.7878903274942879,0.3287518573551263,0.16793602437166794,0.6712481426448736,0.832063975628332,55.07348935116394,58.08349200304646,0.23371718672610203,0.27403846153846156,0.0033359497645211933,0.11263736263736264,0.40482731554160123
HERTFORD,Republican,16152,1820,0.5994923229321446,0.11373626373626373,0.3287518573551263,0.8153846153846154,0.6712481426448736,0.18461538461538463,55.07348935116394,54.62692307692308,0.23371718672610203,0.3312056737588652,0.0028368794326241137,0.10567375886524823,0.4425531914893617
HOKE,Democrat,38105,15880,0.37520010497310063,0.6640428211586902,0.4008922713554652,0.1600125944584383,0.5991077286445349,0.8399874055415617,48.53646503083585,52.93337531486146,0.3495866684162183,0.20085532038271964,0.0019570890113076254,0.17867497825456655,0.38975065236300377
HOKE,Republican,38105,8506,0.37520010497310063,0.048318833764401596,0.4008922713554652,0.7345403244768399,0.5991077286445349,0.26545967552316013,48.53646503083585,48.67834469786033,0.3495866684162183,0.1916923076923077,0.002769230769230769,0.11446153846153846,0.31153846153846154
HYDE,Democrat,3633,1642,0.18937517203413157,0.3696711327649208,0.7429121937792458,0.5883069427527405,0.2570878062207542,0.41169305724725946,57.544728874208644,63.278928136419005,0.33581062482796586,0.4652201659221442,0.0025526483726866626,0.06190172303765156,0.5379706445437141
HYDE,Republican,3633,754,0.18937517203413157,0.01856763925729443,0.7429121937792458,0.9111405835543767,0.2570878062207542,0.08885941644562334,57.544728874208644,54.221485411140584,0.33581062482796586,0.560377358490566,0.009433962264150943,0.07735849056603773,0.6509433962264151
IREDELL,Democrat,155753,32086,0.10758059234814096,0.36096740011219847,0.7829576316347037,0.5209437137692452,0.21704236836529633,0.47905628623075486,51.73333418938961,55.2731720999813,0.37508747825082023,0.28913811645414045,0.0050699032109387,0.16623137194653556,0.4684795411481538
IREDELL,Republican,155753,64123,0.10758059234814096,0.009169876643326108,0.7829576316347037,0.9193425136066622,0.21704236836529633,0.08065748639333781,51.73333418938961,54.219110147684916,0.37508747825082023,0.3063072512411719,0.005978602894902455,0.18844836025452766,0.5060485280749598
JACKSON,Democrat,35427,10320,0.023287323228046407,0.04680232558139535,0.81977023174415,0.8044573643410853,0.18022976825585005,0.19554263565891472,50.90298360007903,56.0265503875969,0.4170830157789257,0.3095363818777062,0.00961030731861865,0.290421375013201,0.6205512725736614
JACKSON,Republican,35427,10017,0.023287323228046407,0.002994908655286014,0.81977023174415,0.8920834581211939,0.18022976825585005,0.10791654187880603,50.90298360007903,54.53738644304682,0.4170830157789257,0.2659532820044369,0.004567401800861281,0.16338248727652355,0.4410805167688895
JOHNSTON,Democrat,172627,45870,0.16769103326826046,0.44689339437540876,0.6763310490247759,0.40340091563113145,0.323668950975224,0.5965990843688685,49.85746725599124,53.4374536734249,0.35628841374755976,0.29460460960290136,0.0054926283146303646,0.16753830385535204,0.4837454994612494
JOHNSTON,Republican,172627,63593,0.16769103326826046,0.014262576069693205,0.6763310490247759,0.8907426918057019,0.323668950975224,0.10925730819429812,49.85746725599124,52.27248282043621,0.35628841374755976,0.2651633431490741,0.002727326627008439,0.12413288800173916,0.4002648273681298
JONES,Democrat,8450,3186,0.29633136094674556,0.6619585687382298,0.6137278106508876,0.28468298807281855,0.38627218934911245,0.7153170119271814,55.69715976331361,61.9526051475204,0.3074556213017752,0.3386683738796415,0.002880921895006402,0.07074263764404609,0.4295774647887324
JONES,Republican,8450,2615,0.29633136094674556,0.017208413001912046,0.6137278106508876,0.901338432122371,0.38627218934911245,0.09866156787762906,55.69715976331361,53.965965583174,0.3074556213017752,0.3906330416881112,0.006176016469377252,0.1363870303654143,0.5383427689140504
LEE,Democrat,45280,14934,0.18904593639575973,0.4318334002946297,0.6467314487632508,0.4314985938127762,0.3532685512367491,0.5685014061872238,52.29030477031802,57.33795366278291,0.36117491166077736,0.22133828996282529,0.004014869888475836,0.18148698884758363,0.4227509293680297
LEE,Republican,45280,13635,0.18904593639575973,0.015474880821415475,0.6467314487632508,0.8823615694902823,0.3532685512367491,0.11763843050971765,52.29030477031802,54.9991199119912,0.36117491166077736,0.20882156806706678,0.003715347242069163,0.1475659712298752,0.3658188053729637
LENOIR,Democrat,44150,19860,0.3906681766704417,0.7155085599194361,0.49827859569648925,0.21581067472306142,0.5017214043035108,0.7841893252769385,54.15075877689694,58.46299093655589,0.2772593431483579,0.21153014912470283,0.0013507672357899287,0.13745407391398315,0.3638966933218068
LENOIR,Republican,44150,11801,0.3906681766704417,0.03686128294212355,0.49827859569648925,0.8912803999661045,0.5017214043035108,0.10871960003389543,54.15075877689694,54.38284891110923,0.2772593431483579,0.31250648676699533,0.0031136481577581734,0.19823559937727037,0.5201868188894655
LINCOLN,Democrat,75081,13820,0.054514457718996816,0.21316931982633863,0.8457798910509983,0.6776410998552822,0.15422010894900173,0.3223589001447178,53.554321332960406,59.10600578871201,0.33848776654546425,0.3263450986815167,0.004831709114732618,0.1737777413807223,0.5115060191630497
LINCOLN,Republican,75081,35317,0.054514457718996816,0.005493105303394965,0.8457798910509983,0.924257439759889,0.15422010894900173,0.075742560240111,53.554321332960406,54.436588611716736,0.33848776654546425,0.280796004842615,0.0032157990314769977,0.14270581113801453,0.43050090799031476
MACON,Democrat,33117,6238,0.0067337017241899935,0.015870471304905417,0.9222151764954555,0.9143956396280859,0.07778482350454449,0.08560436037191407,58.88495334722348,65.03590894517474,0.36368028504997435,0.3415421195652174,0.013926630434782608,0.265625,0.6266983695652174
MACON,Republican,33117,14616,0.0067337017241899935,0.0015736179529282977,0.9222151764954555,0.9464969896004378,0.07778482350454449,0.05350301039956212,58.88495334722348,60.57929666119321,0.36368028504997435,0.2916935558218862,0.007744076703235918,0.23822255001382872,0.5437448142343505
MADISON,Democrat,19999,6216,0.010300515025751288,0.016087516087516088,0.8990949547477374,0.917953667953668,0.10090504525226261,0.08204633204633205,53.945597279863996,60.37467824967825,0.40472023601180057,0.366974043715847,0.008879781420765027,0.30327868852459017,0.6871584699453552
MADISON,Republican,19999,5520,0.010300515025751288,0.0018115942028985507,0.8990949547477374,0.9322463768115942,0.10090504525226261,0.0677536231884058,53.945597279863996,54.40036231884058,0.40472023601180057,0.3163241745555299,0.0036942969291156777,0.17894250750404064,0.5028861694758716
MARTIN,Democrat,18835,9491,0.4023360764534112,0.6809609103361078,0.5291744093443058,0.2831103150352966,0.4708255906556942,0.7168896849647034,55.632545792407754,60.97439679696554,0.2841518449694717,0.3207920792079208,9.900990099009901e-4,0.08613861386138613,0.4158415841584158
MARTIN,Republican,18835,3932,0.4023360764534112,0.04959308240081384,0.5291744093443058,0.8992878942014242,0.4708255906556942,0.10071210579857579,55.632545792407754,52.54984740590031,0.2841518449694717,0.36363636363636365,0,0.06611570247933884,0.4297520661157025
MCDOWELL,Democrat,34160,6847,0.027312646370023418,0.09507813641010662,0.9100702576112412,0.8428508835986563,0.08992974238875878,0.15714911640134366,54.77125292740047,61.970936176427635,0.35916276346604215,0.30803443328550933,0.0037302725968436155,0.17589670014347203,0.4899569583931133
MCDOWELL,Republican,34160,14808,0.027312646370023418,0.0031064289573203676,0.9100702576112412,0.9504321988114532,0.08992974238875878,0.04956780118854673,54.77125292740047,55.445367368989736,0.35916276346604215,0.34568881828611775,0.0026476039184537992,0.24093195657929573,0.5925337569499602
MECKLENBURG,Democrat,894445,367776,0.30250825931164016,0.5424687853476029,0.5215837754138041,0.31385680414165146,0.4784162245861959,0.6861431958583486,47.83381650073509,48.915568171930744,0.37597504597823234,0.32079561511109733,0.006263683368787168,0.17061317019393507,0.5044827104327438
MECKLENBURG,Republican,894445,182529,0.30250825931164016,0.035342329164132824,0.5215837754138041,0.8577431531427883,0.4784162245861959,0.14225684685721174,47.83381650073509,53.239205824827835,0.37597504597823234,0.1569418215047213,0.004099908620164483,0.07346329576606762,0.23616204690831558
MITCHELL,Democrat,13177,1296,0.0035668209759429307,0.008487654320987654,0.9037717234575396,0.8765432098765432,0.09622827654246034,0.12345679012345678,57.220991120892464,59.18055555555556,0.3129695681869925,0.4709800190294957,0.019029495718363463,0.362511893434824,0.8648905803996194
MITCHELL,Republican,13177,7701,0.0035668209759429307,9.089728606674458e-4,0.9037717234575396,0.9237761329697441,0.09622827654246034,0.07622386703025581,57.220991120892464,59.20711595896637,0.3129695681869925,0.36,0.01,0.30274193548387096,0.6861290322580645
MONTGOMERY,Democrat,19754,6269,0.1814822314467956,0.4656245015153932,0.6991495393338059,0.4375498484606795,0.3008504606661942,0.5624501515393204,55.17965981573352,59.844153772531506,0.3157335223245925,0.3035372848948375,0.004939451880178458,0.09831102613129382,0.42096876991714466
MONTGOMERY,Republican,19754,7142,0.1814822314467956,0.01358162979557547,0.6991495393338059,0.9021282553906469,0.3008504606661942,0.09787174460935312,55.17965981573352,56.919350322038646,0.3157335223245925,0.3466641030571044,0.006152662949432801,0.14093443568544511,0.5018265718131129
MOORE,Democrat,90042,18662,0.09970902467737278,0.36255492444539705,0.8070344950134382,0.5467795520308648,0.19296550498656181,0.45322044796913513,56.3424735123609,59.11301039545601,0.36871682103907066,0.40620620620620623,0.011077744411077745,0.16856856856856856,0.6067400734067401
MOORE,Republican,90042,37411,0.09970902467737278,0.007430969500948919,0.8070344950134382,0.9243003394723477,0.19296550498656181,0.0756996605276523,56.3424735123609,58.68097618347545,0.36871682103907066,0.3532819273410826,0.0064449303717343765,0.14681397936087773,0.5180112786281506
NASH,Democrat,78384,33991,0.3878725250051031,0.7164543555647083,0.5080756276791182,0.20873172310317437,0.4919243723208818,0.7912682768968257,53.12112165748112,55.94560324791857,0.2774673402735252,0.23328997874567775,0.0022206008311391684,0.13862893760111664,0.3858769787139549
NASH,Republican,78384,22216,0.3878725250051031,0.03065358300324091,0.5080756276791182,0.9074090745408715,0.4919243723208818,0.09259092545912856,53.12112165748112,55.915781418797266,0.2774673402735252,0.2814791031198159,0.002247551773960507,0.17472039385669183,0.4656178091721518
NEW HANOVER,Democrat,210621,60525,0.10830354048266792,0.2715737298636927,0.7644821741421796,0.6172325485336638,0.23551782585782044,0.38276745146633623,51.62401185067016,53.957406030565885,0.4052824742072253,0.37480345911949686,0.007708770090845562,0.25943396226415094,0.6670815863032844
NEW HANOVER,Republican,210621,62858,0.10830354048266792,0.009815775239428554,0.7644821741421796,0.8981195710967578,0.23551782585782044,0.10188042890324223,51.62401185067016,56.32853415635241,0.4052824742072253,0.22457139268593918,0.003119047120638044,0.12557827970944715,0.3630026585166733
NORTHAMPTON,Democrat,15240,9530,0.5506561679790026,0.7646379853095487,0.3948818897637795,0.20461699895068206,0.6051181102362204,0.7953830010493179,58.036023622047246,60.73672612801679,0.2505249343832021,0.3011769882301177,0.001979980200197998,0.2007479925200748,0.5329446705532944
NORTHAMPTON,Republican,15240,1831,0.5506561679790026,0.08574549426542873,0.3948818897637795,0.8585472419442928,0.6051181102362204,0.14145275805570726,58.036023622047246,56.60567995630803,0.2505249343832021,0.3357348703170029,7.204610951008645e-4,0.10518731988472622,0.44668587896253603
ONSLOW,Democrat,144456,28921,0.15264855734618155,0.46530202966702394,0.6806986210333943,0.38470315687562673,0.31930137896660576,0.6152968431243733,47.511387550534415,52.36945472148266,0.4054106440715512,0.2532221685194136,0.004148541968744966,0.10758015144192042,0.38529080070887706
ONSLOW,Republican,144456,54775,0.15264855734618155,0.020356001825650387,0.6806986210333943,0.8584755819260611,0.31930137896660576,0.14152441807393884,47.511387550534415,49.793993610223644,0.4054106440715512,0.2625056901522432,0.003034747863031713,0.10004552121794548,0.37706742198169035
ORANGE,Democrat,133684,62101,0.10774662637263996,0.17310510297740778,0.6862825768229557,0.6644337450282605,0.3137174231770444,0.3355662549717396,47.52844020226804,49.977439976811965,0.4081864695849915,0.44241454416144377,0.01698004178334889,0.39351913588478465,0.8679379472818598
ORANGE,Republican,133684,16217,0.10774662637263996,0.014244311524942961,0.6862825768229557,0.87056792255041,0.3137174231770444,0.12943207744958993,47.52844020226804,52.841832644755506,0.4081864695849915,0.22087095834547044,0.003204194581998252,0.10704922808039616,0.3368773667346344
PAMLICO,Democrat,11930,3513,0.1492875104777871,0.43296327924850553,0.7730930427493713,0.5052661542840877,0.22690695725062868,0.49473384571591233,59.8639564124057,65.19555935098207,0.309639564124057,0.4064554692169755,0.020322773460848775,0.20681410639569636,0.6527196652719666
PAMLICO,Republican,11930,4643,0.1492875104777871,0.010122765453370666,0.7730930427493713,0.9250484600473832,0.22690695725062868,0.07495153995261684,59.8639564124057,59.23885418910187,0.309639564124057,0.36211832061068705,0.003816793893129771,0.1875,0.5567748091603053
PASQUOTANK,Democrat,34190,12846,0.3306814858145657,0.6697026311692356,0.5666861655454811,0.2623384711194146,0.4333138344545189,0.7376615288805854,51.90874524714829,55.45835279464425,0.3649897630886224,0.23425492447663634,0.002561611165091423,0.1354120660719018,0.38123840650119245
PASQUOTANK,Republican,34190,8583,0.3306814858145657,0.03506932308050798,0.5666861655454811,0.8874519398811604,0.4333138344545189,0.11254806011883957,51.90874524714829,53.46359081906093,0.3649897630886224,0.2065479056331247,0.004814636494944632,0.13705665222275717,0.3548387096774194
PENDER,Democrat,55807,12971,0.12272653968140197,0.4213244930999923,0.7689357965846578,0.48616143705188497,0.23106420341534217,0.513838562948115,52.84045012274446,58.15226273995837,0.3615317074918917,0.301255230125523,0.007371986451484359,0.18549511854951187,0.5042837218569436
PENDER,Republican,55807,22119,0.12272653968140197,0.008635110086351101,0.7689357965846578,0.9087210090872101,0.23106420341534217,0.0912789909127899,52.84045012274446,54.16103802161038,0.3615317074918917,0.21008517887563885,0.0031345826235093695,0.12954003407155026,0.34582623509369675
PERQUIMANS,Democrat,11710,3466,0.1941076003415884,0.5279861511829198,0.7402220324508967,0.4272937103289094,0.2597779675491033,0.5727062896710906,58.00068317677199,62.00115406809002,0.3564474807856533,0.26886657101865136,0.003443328550932568,0.1133428981348637,0.3908177905308465
PERQUIMANS,Republican,11710,3989,0.1941076003415884,0.0188017046878917,0.7402220324508967,0.9167711205815994,0.2597779675491033,0.0832288794184006,58.00068317677199,57.48282777638506,0.3564474807856533,0.3075546007876835,7.160759040458289e-4,0.1414249910490512,0.45363408521303256
PERSON,Democrat,31229,11245,0.2510807262480387,0.57376611827478885,0.6519260943353934,0.35713650511338374,0.3480739056646066,0.6428634948866163,54.623715136571775,59.4830591373944,0.34586442089083863,0.244132157273135,0.0032889819105994915,0.1477051876214681,0.4042457766482284
PERSON,Republican,31229,9020,0.2510807262480387,0.01707317073170732,0.6519260943353934,0.8905764966740577,0.3480739056646066,0.10942350332594235,54.623715136571775,54.07849223946785,0.34586442089083863,0.285286783042394,0.00199501246882793,0.1259351620947631,0.41870324189526187
PITT,Democrat,143061,57613,0.3307959541733946,0.6362973634422786,0.5335695961862422,0.28047489281932897,0.4664304038137578,0.719525107180671,47.99716903978023,51.73372329161821,0.341469722705699,0.24254112746137974,0.0027579024512545563,0.15866617808721142,0.41582611714335305
PITT,Republican,143061,35502,0.3307959541733946,0.035350121119936906,0.5335695961862422,0.8952171708636133,0.4664304038137578,0.10478282913638669,47.99716903978023,50.66894822826883,0.341469722705699,0.22565853658536586,0.0013983739837398375,0.12504065040650406,0.3565528455284553
POLK,Democrat,19536,4397,0.03490990990990991,0.12053672958835569,0.8907145782145782,0.8110075051171253,0.10928542178542179,0.1889924948828747,59.723331285831286,64.2392540368433,0.3942977067977068,0.36932108218478815,0.012761613067891782,0.26442062276671774,0.6531393568147014
POLK,Republican,19536,7296,0.03490990990990991,0.00356359649122807,0.8907145782145782,0.9399671052631579,0.10928542178542179,0.060032894736842105,59.723331285831286,59.98327850877193,0.3942977067977068,0.2322511594719943,0.00231894398858366,0.16464502318943988,0.4043881555476275
RANDOLPH,Democrat,107885,17903,0.06501367196551884,0.27526112941965036,0.8201974324512212,0.5638161202033178,0.1798025675487788,0.4361838797966821,53.09980071372294,56.633860246885995,0.30863419381749085,0.24986649261259122,0.005518305346229158,0.14234854328606183,0.4064558238889219
RANDOLPH,Republican,107885,55948,0.06501367196551884,0.005522985629513119,0.8201974324512212,0.9262350754271824,0.1798025675487788,0.07376492457281762,53.09980071372294,55.59691141774505,0.30863419381749085,0.22687727931807197,0.0025484423744452744,0.12197372468034624,0.35724328836943625
RICHMOND,Democrat,32911,14520,0.3146668287198809,0.5845730027548209,0.5901370362492784,0.3528236914600551,0.4098629637507216,0.6471763085399449,53.49129470389839,58.10227272727273,0.29856279055634893,0.22412567529144156,0.0017770827409724196,0.13093545635484788,0.3701307932897356
RICHMOND,Republican,32911,8390,0.3146668287198809,0.03218116805721097,0.5901370362492784,0.8747318235995233,0.4098629637507216,0.12526817640047677,53.49129470389839,52.8181168057211,0.29856279055634893,0.29380850714403023,0.0022992281162752507,0.1969124651010018,0.502874035145344
ROBESON,Democrat,86337,42983,0.27018543613977786,0.42484237954540166,0.28099192698379605,0.17841937510178443,0.719008073016204,0.8215806248982156,51.27655582195351,56.18102505641765,0.3197122902116126,0.2012752980316052,0.001709638665557712,0.14878477035394141,0.37115331300249516
ROBESON,Republican,86337,15352,0.27018543613977786,0.03602136529442418,0.28099192698379605,0.5030614903595623,0.719008073016204,0.49693850964043773,51.27655582195351,50.947889525794686,0.3197122902116126,0.24237850890431634,0.0023141161082603882,0.10665056846765268,0.3623100915585069
ROCKINGHAM,Democrat,70106,21134,0.18205289133597696,0.48859657424056024,0.7049753230821898,0.42888236964133625,0.29502467691781015,0.5711176303586638,55.0917753116709,59.784423204315324,0.30381137135195274,0.2368,0.0039,0.1375,0.3917
ROCKINGHAM,Republican,70106,27254,0.18205289133597696,0.013245762089968445,0.7049753230821898,0.8862919204520437,0.29502467691781015,0.11370807954795627,55.0917753116709,55.4256622881045,0.30381137135195274,0.2583957420752673,0.0024963496773585795,0.13306014789694315,0.40106448118317556
ROWAN,Democrat,111131,27117,0.1606572423536187,0.49216358741748717,0.7311731200115179,0.4014087104030682,0.26882687998848204,0.5985912895969319,53.227704240940874,55.5825128148394,0.32455390485103164,0.282134944612286,0.005075528700906344,0.12692849949647533,0.4241691842900302
ROWAN,Republican,111131,47113,0.1606572423536187,0.012247150468023688,0.7311731200115179,0.9171990745654066,0.26882687998848204,0.08280092543459343,53.227704240940874,55.97892301487912,0.32455390485103164,0.29508412543774193,0.0033966139182179628,0.10008162405539904,0.40309118196898286
RUTHERFORD,Democrat,53495,12363,0.08744742499299,0.2808379843080159,0.8163940555192074,0.6376284073444957,0.1836059444807926,0.36237159265550434,54.96908122254416,61.204481112998465,0.3401252453500327,0.252991452991453,0.004395604395604396,0.10956450956450957,0.3750915750915751
RUTHERFORD,Republican,53495,22623,0.08744742499299,0.009636210935773328,0.8163940555192074,0.9070415064315077,0.1836059444807926,0.09295849356849224,54.96908122254416,55.510188745966495,0.3401252453500327,0.27922339020047104,0.0026423114481015568,0.14940547992417716,0.43707277844792924
SAMPSON,Democrat,43680,15202,0.26902472527472526,0.6324167872648335,0.5820054945054945,0.2379292198394948,0.4179945054945055,0.7620707801605052,53.09727564102564,58.211682673332454,0.24851190476190477,0.23611496806442656,0.0011802277145237434,0.10913635101360733,0.3613579561232991
SAMPSON,Republican,43680,17354,0.26902472527472526,0.01964964849602397,0.5820054945054945,0.891955745073182,0.4179945054945055,0.10804425492681803,53.09727564102564,54.645441973032156,0.24851190476190477,0.3026814339842612,0.002258816671524337,0.06535995336636549,0.37336053628679683
SCOTLAND,Democrat,25225,11931,0.37728444003964323,0.6439527281870757,0.45486620416253715,0.2613360154220099,0.5451337958374628,0.7386639845779901,53.88321110009911,57.6928170312631,0.3144499504459861,0.15876270279907292,0.0031199857372080585,0.1552861472633268,0.33303619183455163
SCOTLAND,Republican,25225,5244,0.37728444003964323,0.05034324942791762,0.45486620416253715,0.7397025171624714,0.5451337958374628,0.2602974828375286,53.88321110009911,54.24523264683448,0.3144499504459861,0.1347517730496454,0.006819421713038734,0.1254773595199127,0.2722313147845063
STANLY,Democrat,50420,10292,0.10422451408171361,0.3807811892732219,0.7787782625942087,0.5183637776914108,0.22122173740579135,0.4816362223085892,53.45654502181674,58.90963855421687,0.31681872272907574,0.28352264345773714,0.003687859566307715,0.11447116093819147,0.41894084673255644
STANLY,Republican,50420,23823,0.10422451408171361,0.007597699701968686,0.7787782625942087,0.8915333921000713,0.22122173740579135,0.10846660789992864,53.45654502181674,54.55710867648911,0.31681872272907574,0.30648577101257446,0.001985440105890139,0.14910655195234943,0.4692256783587028
STOKES,Democrat,36596,6430,0.038282872445075965,0.1713841368584759,0.8656410536670675,0.7516329704510109,0.13435894633293255,0.24836702954898912,54.93420045906657,62.85085536547434,0.29585200568368125,0.3126258714175058,0.004492641363284275,0.15801704105344694,0.4819519752130132
STOKES,Republican,36596,19083,0.038282872445075965,0.0030917570612587117,0.8656410536670675,0.9166797673321805,0.13435894633293255,0.08332023266781953,54.93420045906657,56.122360215898965,0.29585200568368125,0.33384430818448413,0.004998667022127433,0.17342042122100773,0.5179285523860304
SURRY,Democrat,54046,11333,0.035987862191466526,0.12273890408541428,0.8561040595048662,0.7629930292067414,0.14389594049513377,0.23700697079325864,54.52521925766939,62.62498897026383,0.32150390408170815,0.24936684200272746,0.007597895967270602,0.13345022404052212,0.398694720436392
SURRY,Republican,54046,25026,0.035987862191466526,0.0026772156956764966,0.8561040595048662,0.9224806201550387,0.14389594049513377,0.07751937984496124,54.52521925766939,55.63709741868457,0.32150390408170815,0.23400510928186205,0.0070394550099347145,0.14056202100482543,0.38717002554640934
SWAIN,Democrat,11646,3500,0.009359436716469174,0.016,0.7725399278722308,0.7482857142857143,0.2274600721277692,0.2517142857142857,55.15936802335566,60.53114285714286,0.3779838571183239,0.2705256940342587,0.007974010632014175,0.20112226816302423,0.48109864146485526
SWAIN,Republican,11646,3661,0.009359436716469174,0.003004643540016389,0.7725399278722308,0.8639715924610762,0.2274600721277692,0.13602840753892378,55.15936802335566,56.618683419830646,0.3779838571183239,0.24086502609992544,0.005965697240865026,0.19985085756897839,0.4526472781506339
TRANSYLVANIA,Democrat,30915,7038,0.027171276079573023,0.0770105143506678,0.8966197638686721,0.8537936913895993,0.10338023613132784,0.14620630861040068,58.51191978004205,63.17817561807332,0.44198609089438784,0.39851684668708687,0.02160245042721264,0.41302595518297597,0.8520070933419314
TRANSYLVANIA,Republican,30915,10027,0.027171276079573023,0.002194075994814002,0.8966197638686721,0.9383664106911339,0.10338023613132784,0.06163358930886606,58.51191978004205,61.08666600179515,0.44198609089438784,0.30733382389011527,0.006377238165317636,0.1697326465538386,0.49472651459406425
TYRRELL,Democrat,2648,1201,0.2828549848942598,0.5395503746877602,0.6174471299093656,0.4063280599500416,0.38255287009063443,0.5936719400499584,57.44939577039275,62.73105745212323,0.34818731117824775,0.3321976149914821,8.517887563884157e-4,0.17291311754684838,0.5119250425894378
TYRRELL,Republican,2648,516,0.2828549848942598,0.029069767441860465,0.6174471299093656,0.8430232558139535,0.38255287009063443,0.1569767441860465,57.44939577039275,54.14147286821706,0.34818731117824775,0.3939393939393939,0,0.24242424242424243,0.6473829201101928
UNION,Democrat,196797,45116,0.1127557838788193,0.35269084138664775,0.7079172954872279,0.4425037680645447,0.292082704512772,0.5574962319354553,49.74455911421414,51.41987321571061,0.3655899226106089,0.3084940550783996,0.006021334474432253,0.20503102362686065,0.5294800868050249
UNION,Republican,196797,78264,0.1127557838788193,0.009595727282019831,0.7079172954872279,0.8778365532045385,0.292082704512772,0.12216344679546151,49.74455911421414,52.18165440049065,0.3655899226106089,0.21740396868742035,0.0020571636628436193,0.12945567085381396,0.35341343528126706
VANCE,Democrat,32917,19263,0.49791900841510467,0.713959404038831,0.4028921226114166,0.21876135596739865,0.5971078773885834,0.7812386440326013,53.60895585867485,56.580127705964806,0.23893428927302002,0.17658084789679696,0.0018744142455482662,0.12365621037543414,0.3162798390208942
VANCE,Republican,32917,5639,0.49791900841510467,0.0696932080156056,0.4028921226114166,0.8437666252881717,0.5971078773885834,0.15623337471182833,53.60895585867485,54.09345628657563,0.23893428927302002,0.19868482855800845,0.0016439643024894317,0.09135744480976984,0.2956787224048849
WAKE,Democrat,927895,327931,0.18211758873579445,0.36545797744037617,0.6148271086707009,0.4546779657915842,0.3851728913292991,0.5453220342084157,48.337447663798166,50.185270681942235,0.4201455983705053,0.4619322209237725,0.011835475775397996,0.23250253836280388,0.710626640357095
WAKE,Republican,927895,201948,0.18211758873579445,0.019594152950264423,0.6148271086707009,0.8600332758928041,0.3851728913292991,0.1399667241071959,48.337447663798166,53.465708994394596,0.4201455983705053,0.24204677576727798,0.006023709226032239,0.0753226569757591,0.3245850301185461
WARREN,Democrat,15608,9430,0.47719118400820093,0.6961823966065748,0.4155561250640697,0.20646871686108165,0.5844438749359303,0.7935312831389183,57.857444900051256,59.59883351007423,0.2235392106611994,0.24845156012621245,0.0026878578941217715,0.1848778777608975,0.4560009349070936
WARREN,Republican,15608,2626,0.47719118400820093,0.04379284082254379,0.4155561250640697,0.884996191926885,0.5844438749359303,0.115003808073115,57.857444900051256,59.477151561309974,0.2235392106611994,0.3308628904182107,0.0031762837480148226,0.0968766543144521,0.43885653785071466
WASHINGTON,Democrat,9585,5639,0.46854460093896716,0.693740024827097,0.45967657798643713,0.2716793757758468,0.5403234220135629,0.7283206242241532,56.73082942097027,59.958503280723534,0.24089723526343246,0.2511013215859031,0.001723807699674392,0.10821681670178127,0.3798122964949243
WASHINGTON,Republican,9585,1612,0.46854460093896716,0.06017369727047146,0.45967657798643713,0.8933002481389578,0.5403234220135629,0.10669975186104218,56.73082942097027,55.37468982630273,0.24089723526343246,0.4087719298245614,0.0017543859649122807,0.1631578947368421,0.5807017543859649
WATAUGA,Democrat,53992,14222,0.020780856423173802,0.04036000562508789,0.872814491035709,0.8507242300660948,0.127185508964291,0.1492757699339052,44.4635501555786,44.847419490929546,0.4466587642613721,0.38213958142249643,0.017426832318852663,0.385725006253648,0.8289001917785375
WATAUGA,Republican,53992,15068,0.020780856423173802,0.002389169100079639,0.872814491035709,0.9419962835147332,0.127185508964291,0.05800371648526679,44.4635501555786,52.53855853464295,0.4466587642613721,0.19210134128166914,0.005216095380029807,0.09232488822652757,0.2964232488822653
WAYNE,Democrat,86628,32297,0.31653737821489586,0.6618881010620181,0.5566445029320773,0.23971266681115894,0.4433554970679226,0.7602873331888411,52.719282449092674,56.7039043874044,0.28181419402502655,0.2118268286903835,0.0030464069322682194,0.16474291710388247,0.40561215854855637
WAYNE,Republican,86628,29246,0.31653737821489586,0.026430964918279422,0.5566445029320773,0.8865143951309581,0.4433554970679226,0.11348560486904193,52.719282449092674,54.780311837516244,0.28181419402502655,0.2573732230002122,0.0036919159770846593,0.1888393804370889,0.46636961595586673
WILKES,Democrat,50316,8384,0.03734398600842674,0.15601145038167938,0.8795015502027188,0.7551288167938931,0.12049844979728118,0.24487118320610687,55.50276254074251,61.48043893129771,0.28392559026949676,0.34828120961488757,0.007495476867407599,0.1297492892220212,0.49289222021194107
WILKES,Republican,50316,27381,0.03734398600842674,0.004565209451809649,0.8795015502027188,0.9351375041086885,0.12049844979728118,0.06486249589131149,55.50276254074251,57.49808261203024,0.28392559026949676,0.40220748316540933,0.00622753278315022,0.11179180800972102,0.5285808313503114
WILSON,Democrat,62586,28829,0.3977087527562075,0.707100489090846,0.4930655418144633,0.215061223073988,0.5069344581855367,0.784938776926012,52.92495126705653,55.83891220645877,0.2845524558207906,0.21155662090506283,0.0012348369288879204,0.13565046851165832,0.3570857848478245
WILSON,Republican,62586,15608,0.3977087527562075,0.03690415171706817,0.4930655418144633,0.8902485904664275,0.5069344581855367,0.10975140953357253,52.92495126705653,55.56586365966171,0.2845524558207906,0.28446077696115196,0.0035248237588120595,0.12059397030148493,0.4110544472776361
YADKIN,Democrat,28256,3597,0.029940543601359004,0.15401723658604394,0.876804926387316,0.6872393661384487,0.12319507361268403,0.3127606338615513,54.51854473386184,58.1768140116764,0.297281993204983,0.4125993189557321,0.009080590238365494,0.11634506242905789,0.5442678774120318
YADKIN,Republican,28256,16091,0.029940543601359004,0.0033559132434280033,0.876804926387316,0.9405879062830154,0.12319507361268403,0.05941209371698465,54.51854473386184,56.78143061338636,0.297281993204983,0.393161094224924,0.004027355623100304,0.10478723404255319,0.5072948328267477
YANCEY,Democrat,17001,4712,0.005646726663137463,0.0116723259762309,0.9173578024822069,0.9325127334465195,0.08264219751779307,0.06748726655348047,56.988412446326684,63.30178268251273,0.3396270807599553,0.2791164658634538,0.012717536813922356,0.2563587684069612,0.5551093261936635
YANCEY,Republican,17001,6407,0.005646726663137463,0.0010925550179491181,0.9173578024822069,0.9364757296706727,0.08264219751779307,0.0635242703293273,56.988412446326684,57.52598720149836,0.3396270807599553,0.2932346288299404,0.007197203372403866,0.23997532387415177,0.548221262595106
