precinctname,masters_sen_pct,lake_gov_pct,finchem_sos_pct,hamadeh_atg_pct,tvotesrepgov,magafactor,magamean
0001 ACACIA,46.153847,53.559322,43.79562,35.8885,295,1.177536,44.849323
0002 ACOMA,41.176472,49.800797,39.848812,35.833332,1004,.15860853,41.664852
0003 ACUNA,49.367088,50,46.376812,26.388889,78,.11954351,43.033195
0004 ADOBE,45.833332,61.53846,49.420849,40.07782,273,1.56979,49.217613
0005 ADORA,44.003689,51.040726,43.333332,46.19772,1105,1.4580455,46.143867
0006 AGRITOPIA,44.82143,57.487091,43.977055,35.583942,581,1.1040584,45.467381
0007 AGUA FRIA,37.931034,42.164181,38.64542,29.902912,536,-.38770318,37.160889
0008 AGUILA,38.18182,48.717949,44.144146,35.714287,117,.57494712,41.689552
0009 AHWATUKEE,35.480225,41.420765,35.280094,29.024677,915,-1.0248291,35.301441
0010 AIRLINE CANAL,48.523209,54.338844,47.671841,37.719299,484,1.2812707,47.063297
0011 ALAMO,47.107437,54.949493,39.78022,33.477322,495,.39826083,43.828617
0012 ALEXANDER,30.649137,35.948757,29.921944,26.80851,1249,-1.9744421,30.832087
0013 ALHAMBRA,41.935482,61.904762,48.214287,39.344261,63,1.6468933,47.849697
0014 ALMA,100,33.333332,0,0,3,-1.3657578,33.333332
0015 ALPACA,29.535866,36.313618,36.966125,26.724138,727,-1.1710255,32.384937
0016 ALSUP,46.875,62.83186,47.846889,43.51852,226,2.1001761,50.268066
0017 ALTADENA,46.153847,56.132076,45.864662,39.800995,424,1.4612303,46.987896
0018 ALVARADO,51.677853,48.344372,46.323528,39.007092,151,.74421972,46.338211
0019 AMBER,39.896374,53.213367,38.46154,31.232876,389,.058796778,40.701038
0020 ANDERSON,40.579712,48.295456,40.294117,36.873158,352,.37385473,41.510612
0021 ANDORA,45.083931,54.35294,41.625614,32.038834,425,.71022141,43.27533
0022 ANGELA,37.275307,51.167133,37.837837,31.625616,1071,.054757003,39.476475
0023 ANNETTE,39.372326,50.629372,40.242058,31.008902,715,.12240184,40.313164
0024 APACHE,44.214874,49.899395,49.892471,35.774059,497,.64719951,44.945198
0025 APACHE PARK,43.487396,48.132782,39.592762,36.725662,482,.189189,41.98465
0026 APACHE WELLS,36.681789,46.878983,38.927578,31.296673,1570,-.19482382,38.446255
0027 APOLLO,43.157894,43.523315,40.782124,28.877005,193,-.17804949,39.085083
0028 ARBOLEDA,33.333332,43.132889,36.666668,32.227489,1347,-1.0949721,36.340096
0029 ARBOR,44.776119,57.004829,42.63158,37.435898,207,1.0044301,45.462105
0030 ARCADIA,38.899082,38.840069,35.603111,25.897921,569,-1.3050892,34.810047
0031 ARDMORE,42.469135,49.156628,38.144329,33.07888,415,.078354225,40.712242
0032 ARENA,60,54.929577,61.53846,43.939392,71,2.4641609,55.101856
0033 ARLINGTON,46.666668,60,66.666664,28.571428,15,1.5082569,50.476189
0034 ARROWHEAD RANCH,42.706131,48.225471,41.986458,28.017241,479,-.11485923,40.233826
0035 ARTESIAN,44.957264,48.752079,50.83799,40.506329,601,.97464675,46.263416
0036 ASANTE,50,64.375,54.455444,43.450478,320,2.6122029,53.070229
0037 ASHLAND RANCH,47.102802,58.439201,48.717949,46.718147,551,1.7892147,50.244526
0038 ASPEN,43.94619,45.374451,49.289101,22.727272,227,-.067870386,40.334251
0039 ASTER,38.904495,44.642857,39.020771,38.046646,728,.014696443,40.153694
0040 ATHENS,39.0681,43.793102,36.240311,30.035971,580,-.33413219,37.28437
0041 AUGUSTA,46.896553,52.287582,38.129498,27.586206,153,.32511792,41.22496
0042 AUGUSTA RANCH,47.36842,51.941746,45.161289,37.0844,824,1.0510195,45.388962
0043 AVIANO,40.269966,45.783131,40.975609,36.134453,913,.39238846,40.790791
0044 AVIATION,50,62.2449,48,37.704918,196,1.7349237,49.487453
0045 AVONDALE,41.489361,47.872341,37.5,28.571428,94,-.34501317,38.858284
0046 AZALEA,38.67244,49.367088,40.523884,35.46423,711,.025677919,41.006912
0047 AZTEC SPRINGS,39.465569,46.639919,41.853035,34.80547,997,.23815811,40.690998
0048 BALBOA,36.854462,40.582958,35.539215,29.792149,446,-1.1717396,35.692196
0049 BALSZ,44.715446,46.774193,31.932774,37.391304,124,-.39033511,40.20343
0050 BANFF,48.446327,53.536755,46.097202,34.99268,721,1.0270694,45.768242
0051 BARNES,39.555557,42.332615,35.535309,31.105991,463,-.74457979,37.13237
0052 BARNEY,49.429039,55.216694,44.791668,43.493149,623,1.6166511,48.232635
0053 BAYSHORE,42.052467,48.387096,43.138866,36.787148,1333,.4570224,42.591393
0054 BEARDSLEY,42.918762,50.962223,41.130905,35.972851,1403,.69782645,42.746185
0055 BERRIDGE,32.846714,44.927536,35.537189,28.67647,138,-1.080815,35.496979
0056 BERYL,38.395416,50.83799,36.390533,34.017597,358,.11018364,39.910385
0057 BETHANY,33.905579,38.016529,33.108109,24.222221,484,-1.8191475,32.31311
0058 BETHANY PARK,42.857143,46.551723,40.740742,40.740742,58,-.41466063,42.722588
0059 BETHUNE,47.619049,43.18182,36.585365,32.5,44,.037976969,39.971558
0060 BILTMORE,28.973276,35.013622,28.328173,23.020529,734,-2.5466478,28.8339
0061 BISCUIT FLAT,45.994064,51.6035,39.432178,32.826748,343,.51203012,42.464123
0062 BISHOP,41.964287,43.04348,37.142857,36.190475,230,-.056798793,39.585274
0063 BLACK CANYON,38.87043,48.553055,33.561646,32.225914,311,-.2409429,38.302761
0064 BLACK GOLD,30.357143,36.944443,39.960823,29.53668,1080,-.85634738,34.199772
0065 BLACKHAWK,42.401501,46.950092,46.292583,30.30888,541,.26241687,41.488266
0066 BLOOM,50,57.173447,47.785549,35.730335,467,1.4161618,47.672333
0067 BLUE HORIZONS,47.978436,64.921463,44.034092,42.977528,382,1.8817096,49.977879
0068 BLUE SKY,30.316742,33.920704,40.420559,24.263039,454,-1.0443286,32.230263
0069 BLUEBIRD,39.585732,51.74353,36.734695,33.056873,889,.15036447,40.280209
0070 BLUEFIELD,42.944786,53.474319,44.426495,31.487341,662,.48367018,43.083237
0071 BLUEJAY,39.23077,46.415092,44.53125,42.911877,265,.29403162,43.272247
0072 BOLERO,39.130436,68,36,12,25,-.38193193,38.782608
0073 BONANZA,33.377838,37.962963,37.16312,29.371584,756,-.6598165,34.468876
0074 BONSALL PARK,17.142857,34.285713,34.375,9.090909,35,-3.45419,23.723619
0075 BOULDER MOUNTAIN,43.042812,44.194756,39.936104,35.126583,1335,.19452247,40.575066
0076 BRACKEN,42.622952,42.6492,44.075829,29.467085,687,-.29882738,39.703766
0077 BREWER,37.14653,47.139305,38.419617,29.697765,804,-.4032729,38.100803
0078 BRONCO,40.466278,44.060997,35.813148,32.439445,1246,-.21963802,38.194969
0079 BROOKS FARM,45.491386,53.386456,46.420826,39.429176,1004,1.445387,46.181961
0080 BUCKEYE,36.807819,50.798721,47.586208,33.892616,313,-.010372896,42.271339
0081 BUCKLEY,37.226276,45.936398,39.147285,30.943396,283,-.54870176,38.313339
0082 BUFFALO RIDGE,44.629154,49.875,43.355705,33.377308,800,.5040589,42.809292
0083 BULLARD,,,,,0,,
0084 BULLMOOSE,33.130081,44.642857,39.655174,29.892473,504,-.6930232,36.830147
0085 BUNKER PEAK,46.236561,47.872341,38.46154,36.666668,94,.048271026,42.309277
0086 BURGESS,44.53125,55.038761,37.815125,31.707317,129,.28435072,42.273113
0087 BUTLER,37.760418,45.454544,40.65934,32.539684,396,-.14274195,39.103497
0088 CACTUS GLEN,39.622643,46.731236,32.42894,33.59375,826,-.23340139,38.094143
0089 CACTUS WREN,47.727272,46.80851,41.463413,45,47,.64088231,45.249798
0090 CAIRO,30.08596,34.078213,34.939758,24.926685,358,-2.0049176,31.007654
0091 CALAVAR,41.121494,41.896023,36.928104,31.089743,327,-.4274376,37.758842
0092 CALAVEROS,29.949238,32.432434,30.563004,25.19685,407,-2.2393377,29.535381
0093 CALYPSO,36.325966,39.487869,37.936047,26.933702,742,-.92635584,35.170895
0094 CAMBRIDGE,60,40,50,50,10,.57168704,50
0095 CAMELOT,38.938774,44.541138,40.40493,36.262798,1264,-.13841701,40.036911
0096 CAMEO,34.527973,41.53846,36.651585,25.577265,1170,-.79743123,34.573822
0097 CAMPBELL,42.049809,50.943398,44.593204,41.293533,1060,.99160951,44.719986
0098 CAMPBELL PARK,39.700375,44.366196,33.206108,30.681818,284,-.65713215,36.988625
0099 CANDLELIGHT,25.097277,46.204933,45.790554,26.861168,1054,-.83145136,35.988483
0100 CANTERBURY,31.629835,36.69355,32.327587,26.227209,744,-1.437935,31.719545
0101 CANYON,33.636364,52.252251,33.944954,36.448597,111,.43228704,39.070541
0102 CANYON RIM,41.290321,56.171284,43.810848,32.517006,794,.68090981,43.447365
0103 CANYON SPRINGS,50.27523,62.811386,53.653847,41.254753,562,2.3625524,51.998802
0104 CAPITOL SCHOOL,50,62.5,27.272728,39.130436,24,-.34442157,44.725792
0105 CARDINAL,32.758621,35.103626,31.902718,29.278643,772,-1.7021257,32.260902
0106 CAREFREE,41.739765,42.867382,39.282867,34.453125,1395,.0076027736,39.585785
0107 CARL,39.247311,44.210526,38.953487,29.508196,190,-.63706738,37.979881
0108 CARLA VISTA,46.704872,49.435028,40,31.486881,354,-.025157942,41.906696
0109 CAROL ANN,42.806183,51.494251,37.763977,35.507248,870,.55230397,41.892914
0110 CARON,41.224491,47.117298,35.294117,30.737705,503,-.22969002,38.593403
0111 CARRIAGE LANE,46.626984,52.436646,40.824741,31.975559,513,.47068879,42.965981
0112 CARVER,46.194225,46.753246,42.696629,37.047356,385,.28126776,43.172863
0113 CASHION,44.680851,56.315788,42.307693,31.868132,190,.53851026,43.793118
0114 CATAMARAN,42.167103,46.992481,42.356243,37.22826,798,.34845188,42.18602
0115 CAVE BUTTES,50.829876,53.752537,38.041004,35.775864,493,.89396793,44.599819
0116 CAVE CREEK,45.167923,48.73502,44,38.308456,1502,.7615062,44.052849
0117 CELAYA,45.936398,51.041668,43.346008,30.882353,288,.27004617,42.801605
0118 CENTENNIAL,34.666668,46.645367,43.493149,31.724138,313,-.45499453,39.132332
0119 CENTRAL HIGH,40.291264,45.023697,37.435898,34.183674,211,-.45895633,39.233635
0120 CHALLENGER,38.679245,42.201836,33.663368,32.07547,109,-.92068356,36.65498
0121 CHANDLER HEIGHTS,38.233166,43.405441,42.683853,35.164837,1433,-.069930904,39.871826
0122 CHAPARRAL,31.294964,36.878216,31.00189,25.471699,583,-1.6610285,31.161692
0123 CHAVEZ,40.816326,56,45.652172,27.083334,50,.12626579,42.387959
0124 CHEATHAM,45.876289,49.509804,41.711231,32.820515,204,.36415809,42.479462
0125 CHENEY,35.910652,35.619835,30.86758,25.757576,1210,-1.6356957,32.03891
0126 CHILTON,38.013699,44.666668,46.715328,30.357143,300,-.5114525,39.93821
0127 CHOLLA,43.432575,54.5611,41.877254,32.37925,581,.70836979,43.062546
0128 CHRISTY,37.620579,47.076923,37.333332,26.298702,325,-.28360412,37.082382
0129 CIELO,36.511375,45.416229,30.907055,28.603352,949,-.87935048,35.359505
0130 CIELO GRANDE,42.201836,49.910873,38.771591,36.044361,561,.32742575,41.732166
0131 CINCO,,,,,0,,
0132 CITRUS,29.333334,41.666668,34.806629,26.775957,384,-1.7826688,33.145645
0133 CITRUS GARDENS,39.750694,46.994537,46.6763,31.366907,732,.14080875,41.197109
0134 CITRUS GROVES,41.622105,43.75,40.595901,30.900902,1152,-.29962507,39.217228
0135 CLAY MINE,42.473118,51.336899,42.196533,33.707867,187,.33959261,42.428604
0136 CLEARVIEW,36.057693,44.378696,38.471336,31.546135,845,-.64670962,37.613464
0137 CLEARWATER,35.714287,35.01199,31.233595,23.056995,417,-2.0532529,31.254217
0138 CLIFFVIEW,42.261906,42.857143,35.179153,31.974922,343,-.68931234,38.068283
0139 CLOUD,42.722511,51.248753,42.076504,38.453388,1001,.50393498,43.62529
0140 CLOVER,29.213484,51.381214,45.142857,28,181,-.40346798,38.434387
0141 CLOVIS,40.251572,44.720497,40.410957,30.967741,161,-.26636958,39.087692
0142 CLUB WEST,42.268909,49.669422,38.680927,35.689045,1210,.16061227,41.577076
0143 COBBLE STONE,42.996742,50,42.530754,36.286201,630,.59241647,42.953423
0144 COCOPAH,30.76923,38.608696,27.675276,28.785048,575,-1.8591369,31.459562
0145 COLBY,38.380283,45.517242,42.066422,25.912409,290,-.50799119,37.96909
0146 COLDWATER RIDGE,53.719009,57.48988,48.92704,36.554623,247,1.6183245,49.172638
0147 COLONIA,41.467438,46.725239,39.929947,33.559322,1252,-.075853541,40.420486
0148 COLONNADE,32.470589,35.334873,33.838383,26.5,433,-1.7195605,32.035961
0149 COLT,44.864864,61.290321,50.306747,44.378696,186,2.365665,50.210159
0150 COLTER,31.782946,44.360901,37.5,34.615383,133,-.63685519,37.064808
0151 COMET,38.053097,51.510792,46.540882,28.224583,695,.099371947,41.082336
0152 COMMONWEALTH,41.935482,55.789474,36.57143,44.886364,190,.75423944,44.795689
0153 COMPADRE,40.939598,42.637539,39.963833,31.052631,1236,-.35822237,38.648399
0154 COMSTOCK,38.403992,44.976078,41.08527,29.551451,418,-.63976258,38.504196
0155 CONCORD,37.082066,47.64706,37.710438,29.617834,340,-.34944409,38.014351
0156 CONQUISTADOR,34.352516,42.806393,40.858208,29.724771,563,-.15563501,36.935471
0157 CONTENTION MINE,36.6782,50,37.5,30.662022,294,-.30388099,38.710056
0158 COPPER,40.408165,44.058746,35.251797,34.636871,749,-.36045143,38.588894
0159 COPPER HILLS,35.172413,40,30.858807,32.667618,745,-.99285984,34.674709
0160 COPPERWOOD,39.240505,49.382717,38.926174,26.973684,324,.12814747,38.630772
0161 CORA,49.23077,55.223881,63.492062,47.619049,67,2.2285671,53.891441
0162 CORBELL,37.679272,39.294712,40.551723,25.749319,794,-1.0549865,35.818756
0163 CORDES,43.42857,53.932583,47.90419,32.748539,178,.51501316,44.503471
0164 CORDONIZ,52.742615,62.753036,44.588745,36.974789,247,1.5355601,49.264797
0165 CORDOVA,50.746269,54.6875,45,29.6875,64,.48861155,45.030319
0166 CORONA,40.532543,43.142857,34.177216,28.658537,350,-.61488461,36.627789
0167 CORONADO,39.497307,42.408379,38.721806,30.490019,573,-.4193823,37.779377
0168 CORRINE,40.784779,47.54673,39.676617,30.984203,856,-.082745902,39.748081
0169 CORTESSA,44.23077,60.237782,45.558739,37.921349,757,1.2889403,46.98716
0170 CORTEZ,41.333332,43.333332,35.820896,32.624115,150,-.55198282,38.27792
0171 CORTINA,44.115158,52.444077,43.720932,37.888199,1207,.90183508,44.542091
0172 COTTON LANE,46.615086,58.901516,47.401249,39.191917,528,1.2501149,48.027443
0173 COTTONTAIL,45.529953,54.430378,42.711517,35.839844,1106,.92012149,44.627922
0174 COTTONWOOD COUNTRY CLUB,35.219746,37.201168,35.200508,28.431971,1715,-.98299646,34.013348
0175 COUNTRY GABLES,43.153526,53.036438,35.744682,34.76395,247,.56780863,41.674648
0176 COUNTRY MEADOWS,49.659863,58.503403,47.761192,25.735294,147,.94331604,45.41494
0177 COVINA,34.124294,43.792324,40.722893,28.723404,886,-.63098896,36.840729
0178 COYOTE BASIN,41.512604,48.608837,34.736843,32.286213,611,.08337868,39.286125
0179 COYOTE HILLS,45.305164,53.76923,40.76923,36.963696,1300,.76343203,44.201828
0180 COYOTE LAKES,44.88372,54.751133,46.191647,35.903614,442,.80333668,45.432529
0181 CRABAPPLE,55.706985,72.194305,51.743118,43.31551,597,2.962801,55.739979
0182 CREEDANCE,48.427673,55.712841,45.434544,37.904968,989,1.1482228,46.870007
0183 CREIGHTON,39.024391,43.75,48.947369,36.040607,208,-.015572364,41.94059
0184 CRESCENT,35.823753,36.692017,43.636364,31.372549,526,-.35615596,36.881172
0185 CRISMON,35.483871,43.709328,41.367325,31.502243,922,-.66694874,38.015694
0186 CROCUS,37.367302,39.219711,40.044247,31.057268,487,-.78536391,36.922131
0187 CROSBY,34.285713,39.08297,40.182648,28.699551,458,-.95164484,35.562721
0188 CROSSROADS PARK,51.5625,58.56905,49.907234,42.429577,601,1.8592845,50.617088
0189 CRYSTAL GARDENS,42.105263,48.103794,43.347641,30.705395,501,-.10536046,41.065521
0190 CULLUMBER,34.98452,45.209579,34.82428,37.581699,334,-.099099033,38.150021
0191 CULVER,34.782608,51.42857,44.615383,30.30303,70,.0056051668,40.282398
0192 DAHLIA,44.150112,53.995682,39.269405,31.777779,463,.55543977,42.298244
0193 DAISY,40.922192,50.847458,38.922157,33.623188,354,.35404992,41.078751
0194 DALE,51.41431,65.96434,52.951698,42.287697,617,2.4397662,53.15451
0195 DALLAS,39.059082,54.79744,47.657143,31.235954,938,.45234713,43.187405
0196 DANBURY,46.895641,53.515625,45.991562,34.281841,768,1.075613,45.171165
0197 DANYELL,42.040817,46.586346,43.805309,29.00433,249,.08459457,40.3592
0198 DARROW,33.695652,42.162163,31.428572,28.813559,185,-1.3470749,34.024986
0199 DC RANCH,43.991852,47.099998,38.272923,36.977493,1000,.481085,41.585567
0200 DEADMAN WASH,47.207008,58.792091,47.610722,35.661133,1871,1.4141102,47.317738
0201 DEER VALLEY,55.274261,59.100204,43.080357,37.417942,489,1.6785363,48.718193
0202 DEERVIEW,50.256409,51.243782,40,36.723164,201,1.0039871,44.55584
0203 DEL JOYA,34.34248,38.419117,30.954773,31.663326,1088,-1.0976505,33.844925
0204 DEL RIO,37.001595,41.384617,34.589043,32.220367,650,-.8176952,36.298904
0205 DENALI,39.281437,55.92028,44.174137,32.832081,853,.51939952,43.051983
0206 DESERT BELL,39.678898,55.066078,38.663483,30.751173,454,.37898815,41.039909
0207 DESERT BLOSSOM,46.631207,52.090591,49.527409,42.67857,574,1.4141371,47.731945
0208 DESERT COVE,37.531487,40.987656,39.037434,30.591259,405,-.77181941,37.036957
0209 DESERT EDGE,41.379311,51.846592,43.079315,35.143288,704,.41985911,42.862125
0210 DESERT HARBOR,41.578014,50.953205,40.13158,33.514492,1154,.43528211,41.544323
0211 DESERT HAVEN,41.954708,49.941929,43.726234,34.116192,861,.45631731,42.434765
0212 DESERT HIGHLANDS,33.96405,37.016575,27.860697,28.855721,1086,-1.1076177,31.924261
0213 DESERT HILLS,49.172733,58.934372,51.460361,37.56868,1539,1.8353894,49.284035
0214 DESERT MEADOWS,45.205479,58.389263,40.740742,34.782608,149,.68903428,44.779522
0215 DESERT MIRAGE,40.291264,47.393364,40.979382,34.158417,422,-.096210569,40.705605
0216 DESERT OASIS,49.81884,59.358288,51.509434,36.296295,561,2.0810294,49.245712
0217 DESERT RIVER,50,67.647057,51.724136,46.875,34,2.0510015,54.061546
0218 DESERT ROSE,38.694637,50.900902,44.117645,30.751173,444,.1053626,41.116089
0219 DESERT SAGE,44.78788,52.338661,39.895699,37.856689,1689,.83650035,43.719734
0220 DESERT SKY,58.620689,53.125,41.379311,35.483871,32,1.0516417,47.152218
0221 DESERT THUNDER,44.324326,52.60347,43.930637,33.986015,749,.69131202,43.711113
0222 DESERT VISTA,43.939392,47.303921,40.533333,34.464752,408,.26988083,41.560349
0223 DESOTO,46.229507,48.888889,47.945206,31.10368,315,.67765683,43.541821
0224 DESSIE,56.034481,55.555557,44.247787,35.087719,117,.97923058,47.731384
0225 DEVONSHIRE,40.566036,47.251308,41.714287,29.604366,764,-.00068782468,39.784
0226 DIABLO,40.65934,48.540146,38.671875,36.64122,274,.085820504,41.128143
0227 DIXILETA,42.309658,47.20121,42.154182,35.527748,1983,.43403929,41.798199
0228 DOBBINS RANCH,43.61702,50.785339,39.548023,29.729731,191,.54528278,40.920029
0229 DOBSON PARK,38.396626,44.785275,40.047962,28.636364,489,-.48356515,37.966557
0230 DOBSON RANCH,35.706913,43.850807,41.201717,32.20697,992,-.45812097,38.2416
0231 DOS RIOS,38.211384,40,43.362831,29.824562,125,-.59479696,37.849693
0232 DOUBLETREE,38.737759,38.46154,31.299435,29.138323,962,-1.3632978,34.409264
0233 DOVE,46.046513,63.386726,46.829269,38.186157,437,1.5862882,48.612167
0234 DOVE VALLEY,47.897625,57.685352,43.243244,41.153847,553,1.3396325,47.495018
0235 DOVER,28.517111,32.857143,33.86454,25.572519,280,-2.0193148,30.202827
0236 DREAMLAND VILLA,39.0228,47.606892,43.937328,29.144384,1567,-.15253174,39.927853
0237 DREAMY DRAW,33.60215,38.057743,33.333332,26.592798,381,-1.5719508,32.896507
0238 DREYFUS,42.290077,45.266273,35.109718,37.07317,676,-.16272375,39.934811
0239 DRIFTWOOD,37.083992,46.302002,41.272572,31.739489,1298,-.33478063,39.099514
0240 DUBLIN,35.214447,46.929825,37.470165,29.857821,456,-.94530231,37.368065
0241 DUKE,30.30303,40.083508,32.885906,25.446428,479,-1.9656579,32.179718
0242 DUNBAR,47.826088,44.23077,50,21.73913,52,-.67920709,40.948997
0243 DURANGO,45.232815,53.232758,46.171692,32.876713,464,.54082513,44.378494
0244 DUSTY TRAIL,52.673798,57.068741,45.767574,37.793102,771,1.9098089,48.325806
0245 DWIGHT,44.354839,47.200001,34.166668,34.166668,125,-.056746371,39.972046
0246 DYNAMITE,43.240555,49.610138,39.58115,34.933605,1026,.26874176,41.841362
0247 DYSART,45.171341,43.730888,41.69381,29.245283,327,.075226009,39.960331
0248 EASTMARK,42.467533,53.316326,45.098038,35.812672,784,.71657199,44.173641
0249 EASTRIDGE,44.392525,54.545456,40,36.146496,660,.40779957,43.771118
0250 EASTWING,43.071785,51.967213,38.172043,32.460732,610,.31476781,41.417942
0251 ECHO,45.701359,44.545456,38.048782,31.627907,220,-.0076149078,39.980877
0252 EDISON,39.473682,43.037975,45.714287,35.526318,79,.41619262,40.938065
0253 EL CARO,40.707966,54.872883,46.082951,32.36607,472,.23080517,43.507469
0254 EL DOMINGO,42.058823,41.880341,36.060608,29.42943,351,-.65912807,37.3573
0255 EL MIRAGE,46.572582,61.676647,38.235294,31.742739,501,.79385012,44.556816
0256 ELLIS,42.222221,48.905109,37.209301,31.060606,137,.16417117,39.849308
0257 ELLSWORTH PARK,30.149254,43.952801,39.252335,30.864197,339,-1.0203373,36.054646
0258 ELWOOD,43.111111,48.706898,39.639641,38.565022,232,.28729945,42.505669
0259 EMERALD,34.509373,40.324326,37.070938,29.765886,925,-.47363859,35.417629
0260 EMMETT,40.340908,49.446495,50.803211,37.356323,542,.81003267,44.486732
0261 ENCANTO,34.756096,37.026237,29.968454,27.384615,343,-1.9175398,32.283852
0262 ENCLAVE,37.540878,39.639641,36.775993,28.802153,1554,-.6478619,35.689667
0263 ENID PARK,37.5,46.373852,40.354767,29.297297,979,-.57526094,38.381477
0264 ENTZ,32.475883,48.214287,37.704918,29.190422,952,-.78069544,36.896378
0265 ESCALADE,39.482201,57.5,42.809364,30.819672,320,.57928091,42.652809
0266 ESCALANTE,44.502617,57.5,43.243244,34.594593,200,.60618103,44.960114
0267 ESCOBAR,51.912567,57.458565,50.295856,34.705883,181,1.7226903,48.593216
0268 ESCONDIDO,46.604939,50.890209,48.49921,30.697674,674,.5130074,44.173008
0269 ESCUDA,50.173012,47.931034,45.985401,31.914894,290,1.0813091,44.001083
0270 ESQUIRE,36.467236,47.605633,40.707966,30.90379,355,-.52671754,38.921158
0271 ESTRELLA FOOTHILLS,45.129471,51.711491,43.790012,37.704918,818,.75580698,44.583973
0272 EUCLID,40.961098,44.54343,36.453201,28.639618,449,-.59849685,37.649338
0273 EVANS,36.243385,43.636364,35.014004,25.205479,385,-.81674778,35.024807
0274 EVERGREEN,40.476189,39.285713,31.304348,30.578512,252,-.85891324,35.41119
0275 EXETER,40.399002,36.214954,29.015545,24.146982,428,-1.6511848,32.444122
0276 FAIRVIEW,45.604397,48.648647,34.920635,39.4636,555,.58956558,42.159321
0277 FAIRWAY,35.143768,41.823898,43.564358,27.631578,318,-1.1923262,37.040901
0278 FALCON,45.331326,50.368187,46.485622,36.10675,679,.64489621,44.572971
0279 FALCON HILL,34.444443,48.46154,40.703518,33.059212,650,-.17670046,39.167179
0280 FENIMORE,42.691292,51.915115,43.174061,35.61269,1932,.6909011,43.348289
0281 FESTIVAL,36.208855,43.973213,45.271866,36.674259,896,.056643102,40.532047
0282 FIESTA RANCH,37.672089,48.907768,34.2556,34.580647,824,-.43166217,38.854027
0283 FIREHAWK,43.293491,48.374512,43.869209,37.516689,769,.69853818,43.263474
0284 FLOWER,47.763577,59.750389,47.018738,35.166668,641,1.2949228,47.424843
0285 FLYNN,42.105263,47.413792,36.936935,27.678572,116,-.16949169,38.533642
0286 FOLLEY,43.678162,49.629631,38.617886,28.682171,270,-.18599652,40.151962
0287 FOREST GROVE,46.323528,51.42857,41.40625,36.296295,140,.34814095,43.863663
0288 FORT MCDOWELL,46.153847,64.285713,30.76923,14.285714,14,-1.1139084,38.873627
0289 FOUNTAIN HILLS,36.158192,44.967682,30.57449,33.625732,1083,-.44552335,36.331524
0290 FOUR PEAKS,41.612202,52.301254,38.317055,38.651684,1434,.58611959,42.720551
0291 FOX CROSSING,40.14706,44.460228,38.685017,30.165913,704,-.61714083,38.364555
0292 FOXWOOD,36.043957,51.416122,47.086246,30.352942,459,.12236241,41.224815
0293 FRANKLIN,43.600868,56.437767,43.19249,36.405529,466,.79874396,44.909164
0294 FREEDOM,34.642857,34.137932,37.546467,24.542124,290,-1.3521675,32.717346
0295 FREMONT,43.888069,45.428158,43.601894,29.709036,689,.032190692,40.656788
0296 FRIER,41.666668,52.459015,49.019608,40,61,1.1152203,45.786324
0297 FRONTIER,42.748619,54.017555,46.686749,34.693878,1481,.81729281,44.536701
0298 FULTON RANCH,37.76091,43.446381,40.301506,31.768232,1091,-.36858198,38.319256
0299 GALVESTON,41.958042,48.235294,41.219963,30.69853,595,.066063397,40.527958
0300 GARDEN GROVES,45.042492,49.584488,37.195122,27.596439,361,-.35661328,39.854637
0301 GARDENS,46.153847,50,47.222221,45.945946,40,1.125442,47.330505
0302 GARDNER,44.444443,48.888889,36.103153,30.684931,405,.053342104,40.030354
0303 GARY,38.675495,48.138638,37.288136,32.684284,779,-.01723839,39.19664
0304 GATEWAY,52.830189,49.090908,47.169811,39.215687,55,.87089634,47.076649
0305 GAVILAN PEAK,41.795666,52.994923,43.502201,36.56958,985,.84968907,43.715591
0306 GEMINI,40.67524,49.139278,37.478992,34.891487,639,.43952832,40.546249
0307 GENE AUTRY,38.016529,49.942062,41.125,28.624535,863,-.13058606,39.427032
0308 GEORGIA,41.836735,46,38.144329,39.175259,100,-.36172968,41.289082
0309 GERMANN,38.010658,45.034248,39.478584,29.574862,584,-.61975551,38.02459
0310 GERONIMO,43.122677,48.014439,42.745098,33.079849,277,-.10474294,41.740517
0311 GETTY,44.144146,56.973293,45.425869,39.563862,337,1.1834425,46.526794
0312 GIDIYUP,50.695324,60.674156,45.013477,38.874344,801,1.7338417,48.814323
0313 GILA,50.823044,58.704453,49.227371,33.40564,494,1.417115,48.040127
0314 GILA BEND,33.663368,50,51.111111,27.368422,108,.049760703,40.535725
0315 GILBERT,42.145016,49.78355,46.829269,38.810642,693,.69637066,44.39212
0316 GILBERT GARDENS,44.654087,57.763977,41.471573,36.928104,322,.97382438,45.204437
0317 GIOVANNI,50,40,60,30,10,.54827803,45
0318 GLENCROFT,38.931297,44.226044,35.752689,31.37755,407,-.59575456,37.571896
0319 GLENN,29.254303,31.180811,23.770493,22.267206,542,-2.9772632,26.618202
0320 GLENROSA,35.549133,39.669422,33.742332,28.82353,363,-1.3148946,34.446106
0321 GLENVIEW,30.919447,38.007969,37.816593,24.765957,1255,-1.942003,32.877491
0322 GOLD DUST,45.219639,51.133503,34.89011,34.604904,397,.12861475,41.46204
0323 GOLDEN,40.149628,48.774509,45.406826,34.190231,408,.29732639,42.130299
0324 GOLDEN EAGLE,37.758297,42.002441,31.987179,30.972311,1638,-.5906356,35.680058
0325 GOLDEN HILLS,43.538269,50,39.682541,28.791773,824,.27317062,40.503147
0326 GOLDFIELD RANCH,42.1875,43.410854,48.412697,27.049181,129,-.19146805,40.265057
0327 GOODYEAR,43.82716,48.125,36.942677,26.415094,160,-.32714519,38.827484
0328 GRANADA,44.375,51.23457,47.36842,27.215189,162,.20976457,42.548294
0329 GRAND,34.005306,34.675732,37.026726,30.965292,1912,-.77655053,34.168262
0330 GRANITE FALLS,36.598747,38.585705,41.761826,29.659,1301,-.3533752,36.651321
0331 GRANITE MOUNTAIN,35.622318,38.343071,39.55801,27.186098,1883,-.3247647,35.177376
0332 GRAYHAWK,38.964993,42.550144,28.483921,29.803328,698,-.62489736,34.950596
0333 GRAYSON,50,33.333332,50,50,6,1.8278561,45.833332
0334 GREENBRIAR,43.053818,52.398525,41.360546,33.463036,813,.50325102,42.568981
0335 GREENFIELD,36.111111,48.623852,37.623764,38,109,.30780408,40.089684
0336 GREENFIELD PARK,34.514767,47.194721,39.150089,27.495623,1212,-.70500398,37.088799
0337 GREENWAY,38.250652,43.434345,37.669376,31.125828,792,-.25044113,37.620049
0338 GREENWOOD,35.625,49.397591,36.774193,30.434782,166,-.67879534,38.057892
0339 GREER RANCH,51.715038,56.847546,43.949932,40,774,1.712168,48.128128
0340 GREYSTONE,37.765957,41.666668,40.441177,31.634447,576,.051800083,37.877064
0341 GROVERS,45.533768,55.507561,40.180588,34.831459,463,.89289963,44.013344
0342 GROVES,37.203598,44.596775,37.312115,32.987015,1240,-.70942891,38.024876
0343 GUADALUPE,50.980392,64.705879,46.511627,35.416668,51,1.9611026,49.403641
0344 GUERRERO,40.740742,49.6063,37.860081,23.170732,254,-.55536985,37.844463
0345 HADLEY,36.111111,45.333332,33.81295,25,150,-1.1357836,35.064346
0346 HALIFAX,47.570332,55.555557,38.04348,29.658792,396,.78926235,42.707039
0347 HALL,29.761906,33.257404,29.135803,28.398058,439,-2.2070894,30.138292
0348 HAPPY TRAILS,43.142857,41.620113,33.333332,33.430233,358,-.31988388,37.881634
0349 HAPPY VALLEY,42.809734,51.227322,39.719627,35.778782,937,.5424419,42.383865
0350 HARMONT,37.903225,47.976879,40.412373,27.235773,519,-.25790974,38.382061
0351 HARMONY PARK,37.085426,45.383102,41.170212,34.683281,1018,-.33210501,39.580505
0352 HARQUAHALA,45.454544,54.545456,68.181816,41.860466,44,2.1385789,52.510571
0353 HARRIS,42.982456,56.034481,50,41.07143,116,1.2704509,47.522091
0354 HARRISON,54.761906,30.952381,26.829268,26.829268,42,-1.293975,34.843204
0355 HARVEST,50.060314,59.571938,47.600517,38.347717,841,1.9521276,48.895123
0356 HASSAYAMPA,47.5,52.173912,42.5,34.88372,46,.6496563,44.264408
0357 HASTINGS,45.852535,55.480984,47.445255,36.725147,894,1.1659518,46.37598
0358 HATCHER,39.949749,51.970444,39.528797,32.160805,406,.013067199,40.902451
0359 HAWES,48.630138,58.64407,55.636364,32.167831,295,1.5431321,48.7696
0360 HAYDEN HIGH,42.857143,49.122807,50,26.415094,57,.11724056,42.098763
0361 HAYWARD,40.816326,50.165016,46.478874,33.449478,303,.35671774,42.727425
0362 HERITAGE,33.967392,50.666668,36.994221,34.647888,375,-.12626497,39.069042
0363 HERMOSA,44.347828,49.565216,45.192307,30.841122,115,.18107529,42.486618
0364 HERMOSA VISTA,40.425533,45.11628,41.733429,36.781609,1505,.017659234,41.014214
0365 HESS,37.349396,56.6474,51.515152,38.888889,173,1.2028078,46.100208
0366 HIBISCUS,41.07143,37.714287,37.974682,28.834356,175,-1.1202333,36.398689
0367 HICKIWAN,100,,,,0,,100
0368 HIDALGO,44.545456,56.81818,37.688442,33.490566,220,.64420551,43.135662
0369 HIGHLAND,42.034943,48.715416,39.297474,38.453278,1012,.50835156,42.125278
0370 HIGLEY,45.686901,48.136646,43.367348,36.650082,644,.55207843,43.460243
0371 HILLCREST,32.894737,40.320961,41.93206,29.002079,997,-.5252915,36.03746
0372 HILLERY,36.246788,46.717171,39.645775,36.021507,792,-.081607029,39.65781
0373 HILLVIEW,39.072849,44.492439,38.372093,31.014824,926,-.15407547,38.238052
0374 HILTON,58.536587,52.380951,41.025642,35.714287,42,.50549513,46.914368
0375 HOHOKAM PARK,31.207289,45.515694,38.823528,26.958525,446,-1.3008631,35.626259
0376 HOLIDAY GARDENS,48.484848,51.42857,40,20,70,-.10424347,39.978355
0377 HOLIDAY PARK,38.918919,49.197861,42.857143,32.222221,187,-.29607823,40.799034
0378 HOLLIS,31.494253,39.82103,32.687653,24.228029,447,-1.8295094,32.057739
0379 HOLLY,25.862068,43.333332,29.310345,28.813559,60,-1.5755819,31.829826
0380 HOLLYHOCK,37.037037,45.679012,50.684933,22.368422,81,-.53441995,38.942352
0381 HOLMES,42.105263,55.555557,52.845528,31.818182,135,.69140542,45.581131
0382 HONDA,39.361702,48.958332,41.040462,31.182796,192,-.24631989,40.135822
0383 HOPE,43.165466,47.517731,46.153847,30.370371,141,-.10236916,41.801853
0384 HOPEVILLE,43.343655,53.254436,48.051949,29.022081,338,.24411449,43.41803
0385 HOPI,36.546185,34.278351,27.625898,26.180258,776,-2.1466062,31.157673
0386 HORIZON,39.969017,43.071159,36.573311,36.051159,1335,-.22398114,38.916161
0387 HORSESHOE,44.617226,47.380676,37.187912,33.67347,859,.1758341,40.714821
0388 HUALAPAI,41.168831,43.4128,28.707483,35.238094,797,-.40960965,37.131802
0389 HUBBELL,44.19355,47.560974,34.680134,37.162163,328,.36208904,40.899204
0390 HUDSON,30.107527,33.678757,27.647058,28.3237,193,-2.35764,29.93926
0391 IMES,36.363636,72.727272,27.272728,27.272728,11,-.79477018,40.909092
0392 INDEPENDENCE,36.436169,46.9496,41.833813,36.187847,377,-.23925081,40.351856
0393 INDIAN BEND,39.956802,50.106155,40.689655,36.465324,471,.48919144,41.804485
0394 INDIAN SPRINGS,35.424355,44.927536,37.848606,27.969349,276,-.77501225,36.542461
0395 INDIAN WELLS,42.77726,48.532108,36.472946,29.569378,1090,.0027821118,39.337921
0396 INDIGO,45.070423,56.269112,45.641026,44.370861,654,1.3947226,47.837856
0397 ISAAC,27.777779,59.459461,37.142857,35.294117,37,-.58813792,39.918552
0398 IVANHOE,43.511452,52.832512,44.297081,40.235912,812,.99941725,45.219238
0399 JACKRABBIT,39.186047,44.695259,39.003647,32.215569,886,-.30019054,38.775131
0400 JANICE,38.235294,47.482014,42.493637,35.353535,417,.18249774,40.891121
0401 JASMINE,35.456112,38.160137,39.382938,28.268551,587,-.73551542,35.316933
0402 JASPER,42.281879,50.762527,39.618137,27.039627,459,-.10922793,39.925545
0403 JENTILLY,33.235294,41.807911,31.962025,33.540371,354,-.85988653,35.136398
0404 JOHN CABOT,45.694603,51.781738,40.456181,41.010574,898,.7853201,44.735775
0405 JOMAX,0,100,50,0,4,-.80975002,37.5
0406 JOSHUA TREE,33.901402,38.816566,37.848347,31.375,1690,-.74940324,35.485329
0407 JOY RANCH,47.540985,62.903225,43.103447,45.901638,62,2.0624852,49.862324
0408 JOYCE,30.76923,37.912086,35.465115,23.255814,182,-1.7827781,31.850561
0409 JULIE,47.326202,53.002609,44.759209,31.710709,766,.84111381,44.199684
0410 JUNE,0,0,0,0,1,-3.9361751,0
0411 JUNIPER,37.595909,46.347607,34.408604,32.552082,397,-.15262865,37.726051
0412 JUPITER,38.546604,43.276661,39.82906,31.404959,647,-.67569852,38.26432
0413 JUSTINE,33.586819,41.70792,31.111111,33.979328,808,-.98768711,35.096294
0414 KACHINA,38.394417,39.327732,34.291187,29.05028,595,-1.1513613,35.265903
0415 KAIBAB,31.21693,33.5,29.319372,24.210526,200,-2.5151045,29.561707
0416 KALER,40.480274,49.585407,42.418774,32.984295,603,.1851788,41.367188
0417 KEIM,41,46.753246,44.791668,29.452055,308,-.17477018,40.499241
0418 KENLY FARMS,45.901638,56.772907,43.318966,36.363636,502,.80559158,45.589287
0419 KIMBERLY,41.439205,55.036854,41.53846,36.153847,407,.49801737,43.542091
0420 KINGS,38.817482,52.030457,39.21833,30.555555,788,.055941235,40.155457
0421 KIVA,34.745762,37.127373,36.309525,22.571428,369,-1.8209279,32.688522
0422 KLEINMAN,34.152332,48.235294,43.828716,31.077694,425,-.5688976,39.323509
0423 KODIAK,33.26923,42.314991,37.346939,25.896414,527,-.56020886,34.706894
0424 KOKOPELLI,38.858696,43.78307,39.204544,27.629734,756,-.73727828,37.369011
0425 KOMATKE,44.444443,33.333332,37.5,12.5,9,-2.5186574,31.944443
0426 LA REATA,41.806019,51,41.114983,31.05802,300,.1224016,41.244755
0427 LA SOLANA,27.942795,31.989246,33.564415,25.831923,1860,-1.3545302,29.832094
0428 LAKE PLEASANT,45.174263,50.78125,43.247128,30.277779,768,.40073833,42.370106
0429 LAKEVIEW,33.641403,38.447655,35.098038,27.84091,554,-.9413532,33.757
0430 LAKEWOOD,41.523342,43.667068,37.743191,34.460339,829,-.15206072,39.348484
0431 LAMAR,31.070496,35.929649,23.936171,23.989218,398,-2.7183166,28.731384
0432 LANE,40.117645,43.885715,31.878788,30.816078,875,-.31518897,36.674557
0433 LANTANA CANYON,40.925266,49.740932,38.491295,34.011089,579,.19628298,40.792145
0434 LAREDO,37.323944,46.03825,39.817631,27.672035,732,-.63029665,37.712967
0435 LARKSPUR,40.414509,44.607841,40.331493,25.906736,204,-.74814451,37.815144
0436 LAS BRISAS,43.426884,53.183792,41.242039,37.171562,1382,.83008176,43.756069
0437 LAS COLINAS,39.851223,51.258812,39.089848,31.257078,993,.12958308,40.364239
0438 LAS SENDAS,41.226574,45.599331,39.509537,34.690266,1193,-.21278447,40.256428
0439 LASSEN,38.020832,52.307693,42.222221,32.291668,195,-.044824142,41.210602
0440 LAUREL,40,42.982456,35.326088,38,570,.016897267,39.077137
0441 LAVEEN,59.689922,53.435116,42.276424,39.534885,131,1.4663985,48.734085
0442 LAVEEN MEADOWS,50.349651,46.308723,44.604317,35,149,.97999328,44.065674
0443 LAYTON LAKES,50.81081,62.566845,46.470589,45.197739,187,2.0332198,51.261497
0444 LEGACY,42.300556,48.920864,40,35.687023,556,.14070176,41.727112
0445 LEHI,29.660023,45.886444,35.388409,26.894865,863,-1.1006799,34.457436
0446 LEISURE WORLD,26.449644,38.523762,43.329777,26.310272,989,-1.1081561,33.653362
0447 LEWIS,43.835617,39.473682,29.411764,24.637682,76,-1.1283672,34.339687
0448 LIBBY,46.724892,51.470589,46.261681,35.079727,476,.97886956,44.884224
0449 LIBERTY,40.758293,62.211983,52.882206,34.306568,434,1.1382326,47.539764
0450 LILAC,52.564102,50.998184,45.664742,33.587788,551,1.0164263,45.703705
0451 LIME,52.912621,62.325581,53.513512,39.215687,215,2.7029369,51.991852
0452 LINDNER,48.939392,58.641064,37.745098,38.087776,677,1.326901,45.853333
0453 LIONS,34.865902,37.313435,25,22.083334,268,-2.527735,29.815668
0454 LISBON,44.816055,54.635761,45.309734,35.22337,604,1.0301858,44.996231
0455 LITCHFIELD,35.924934,50.520832,43.05949,37.15847,384,.25564277,41.665932
0456 LOBO,41.876751,54.829933,40.508221,31.871346,735,.550147,42.271561
0457 LOLA,37.871674,47.400612,34.102142,36.190475,654,-.12277148,38.891228
0458 LOMA LINDA,45.643154,50.396824,39.130436,36.974789,252,.33716682,43.036301
0459 LOMA VERDES,40.108402,44.605263,34.444443,34.642357,760,-.18789338,38.450115
0460 LONE BUTTE,100,100,100,0,1,8.735383,75
0461 LONE MOUNTAIN,45.240101,52.145214,41.583256,37.186378,1212,.83969247,44.038738
0462 LONE TREE,44.903988,58.008659,45.933014,40.465115,693,1.4217117,47.327694
0463 LONESOME,42.465752,65.277779,47.826088,45.070423,72,1.4194837,50.160011
0464 LONGBOW,32.947975,46.899662,38.573154,33.293556,887,-.36593348,37.928589
0465 LONGHORN,39.414413,42.341358,40.632603,30.352942,914,-.43926007,38.185329
0466 LONGMORE,39.814816,51.327435,41.346153,24.528301,113,-.30228236,39.254177
0467 LOOKOUT RIDGE,31.635389,34.460339,28.22695,23.563219,769,-2.4087083,29.471474
0468 LOS ALAMOS,34.371525,42.248909,38.47953,30.184332,916,-.84233981,36.321075
0469 LOS GATOS,44.176373,49.878147,42.123585,36.051502,1231,.53009725,43.057404
0470 LOS OLIVOS,33.92857,45.833332,34.905659,32.038834,120,-1.277384,36.676598
0471 LOWELL,33.846153,36.231884,30.645161,22.222221,69,-2.6057806,30.736355
0472 LUDDEN,51.535835,59.567387,48.245613,38.95652,601,2.0681169,49.57634
0473 LUKE,40.338982,51.485149,41.13475,26.896551,303,-.017326459,39.96386
0474 LUKE FIELD,39.166668,55.585831,44.252872,38.746437,367,.68001133,44.43795
0475 LUPINE,32.183907,43.956043,37.64706,31.818182,91,-1.3673987,36.401299
0476 LYNWOOD,48.4375,42.1875,42.622952,27.868853,64,-.49908963,40.279202
0477 MADISON,32.679737,36.477989,37.086094,27.083334,159,-2.0477281,33.331787
0478 MADISON HEIGHTS,28.75226,28.719723,24.125231,19.48052,578,-3.3597772,25.269434
0479 MADISON PARK,33.333332,37.82991,27.725857,28.395061,341,-2.1355221,31.821041
0480 MADRID,36.708862,53.086418,38.028168,25.974026,81,-.2680974,38.449368
0481 MAGGIE,42.92683,48.915661,37.692307,36.842106,415,.42621639,41.594227
0482 MAGIC STONE,41.150444,48.484848,38.307873,37.629459,924,.31817174,41.393158
0483 MAJESTY,49.5,59.745346,44.66737,37.92746,1021,1.5845412,47.960045
0484 MANDALAY,39.897697,50.995026,37.700535,32.390747,402,.21671477,40.246002
0485 MANISTEE,41.26984,53.926701,45.402298,35.164837,191,.60465616,43.940918
0486 MANZANITA,40.948277,43.697479,41.777779,34.210526,238,-.0032978912,40.158516
0487 MARBLE CREEK,40,80,44.444443,22.222221,10,.81562853,46.666664
0488 MARICOPA,41.330647,43.129772,32.291668,35.196686,524,-.67028022,37.987194
0489 MARICOPA MOUNTAINS,57.142857,67.567566,51.612904,36.666668,37,1.8308544,53.247498
0490 MARIGOLD,42.904289,45.192307,35.563381,29.96633,312,-.30263326,38.406578
0491 MARIPOSA,49.621212,49.077492,49.23077,34.351147,271,.89526653,45.570156
0492 MARIVUE,51.351353,42.666668,41.044777,32.867134,150,.30117705,41.982483
0493 MARLETTE,38.076923,45.454544,38.539555,30.321285,539,-.86550146,38.098076
0494 MARLEY PARK,52.992702,63.09013,46.923077,43.75,699,2.1202965,51.688976
0495 MARTIN,44.166668,60.975609,50.854702,33.333332,246,1.3490467,47.332577
0496 MARYLAND,43.85965,50.877193,45.454544,33.333332,57,.89588821,43.38118
0497 MARYVALE,43.624161,48.051949,43.448277,34.666668,154,.43299788,42.447762
0498 MAYBERRY,39.259853,44.514603,44.089733,39.849625,1267,.73438853,41.928452
0499 MAYFLOWER,37.987679,46.015938,38.752785,30.555555,502,-.66827857,38.327988
0500 MCAFEE PLACE,34.482758,43.75,33.139534,30,176,-1.5312914,35.343071
0501 MCCORMICK RANCH,32.222935,37.186543,31.586021,31.586021,1635,-1.3327289,33.145378
0502 MCDONALD,38.974358,42.786068,30.81081,39.890709,201,-.64229774,38.115486
0503 MCDOWELL,30.76923,37.704918,28.301888,23.85321,122,-2.4136868,30.15731
0504 MCKELLIPS PARK,42.331287,47.619049,34.86842,40.99379,168,.34245872,41.453136
0505 MCKEMY,38.808372,42.96875,36.888111,29.898649,640,-.67405772,37.140972
0506 MCQUEEN,43.424316,49.880669,45.194805,37.390213,838,.72228599,43.9725
0507 MEADOWBROOK,43.137257,46.153847,42.222221,34.782608,52,.49407303,41.573982
0508 MEGAN,39.59647,49.694748,40.322582,34.217506,819,.51538116,40.957825
0509 MERCER,51.823418,56.120529,50.099403,40.275047,531,1.9178913,49.579597
0510 MESA GRAND,29.076086,43.324249,32.664757,32.758621,367,-1.6582038,34.455929
0511 MESA LINDA,38.251366,43.04813,44.827587,33.427761,374,-.28949365,39.88871
0512 MESA VISTA,38.583817,46.077034,39.117199,31.034483,701,-.46197215,38.703133
0513 MESQUITE,51.789078,58.317757,48.088531,39.447731,535,1.8466913,49.410774
0514 METRO,33.816425,40.284359,35.532993,32,211,-.92436671,35.408443
0515 MICHELLE,46.483181,49.704144,37.142857,36.419754,338,.51233488,42.437485
0516 MILKY WAY,42.214535,51.247921,46.238533,31.607143,601,.46461874,42.827034
0517 MILLER,38.983051,45.901638,43.333332,40.677967,61,.48323682,42.223999
0518 MILLS,33.73494,45.454544,45,40.476189,88,.23576604,41.16642
0519 MIMOSA,34.217686,37.884872,39.285713,29.123533,1494,-.82974321,35.127953
0520 MINNEZONA,44,49.333332,57.35294,29.729731,75,.24431939,45.104
0521 MIRADA,42.387543,48.370499,36.823105,32.014389,583,.11387513,39.898884
0522 MISSION,40.13158,49.512985,43.055557,31.958763,616,-.043288369,41.164722
0523 MITCHELL PARK,39.007092,44.755245,36.153847,28.244274,143,-1.2709994,37.040115
0524 MOBILE,11.111111,11.111111,50,11.111111,9,-2.3478436,20.833332
0525 MOHAVE,38.522427,45.235069,34.91848,32.506886,787,-.43934685,37.795715
0526 MOHAWK,52.413792,60.948082,44.85294,39.667458,443,1.7839663,49.470566
0527 MOLLY,50.56818,56.721916,54.580898,44.508671,543,2.2918835,51.594917
0528 MONROE,41.07143,44.067795,31.192661,30.357143,118,-.92073566,36.672256
0529 MONTE CRISTO,32.693913,40.501213,30.162811,29.026701,1237,-1.2893664,33.096161
0530 MONTE VISTA,36.923077,45.454544,49.206348,16.923077,66,-.95356786,37.126762
0531 MONTEBELLO,32.478634,47.5,40.707966,33.04348,120,-.54394597,38.432518
0532 MONTEROSA,32.467533,35.768261,28.693182,26.256983,397,-1.9570198,30.79649
0533 MONTOYA,44.386421,55.089821,45.943398,35.283363,1169,1.0006361,45.175751
0534 MOON VALLEY,34.900116,39.485458,26.765799,28.143713,894,-1.4977227,32.323772
0535 MORRISTOWN,38.486843,53.896103,46.42857,33.220341,308,.78857356,43.007965
0536 MOUNTAIN GATE,43.708611,48.932678,40,37.985867,609,.4201166,42.656788
0537 MOUNTAIN SKY,37.179485,43.359818,29.397591,28.912785,881,-.99018699,34.712418
0538 MOUNTAIN VISTA,44.976078,43.786983,42.983566,35.784313,845,.45312741,41.882736
0539 MOUNTAINSIDE,38.337181,43.810951,33.146519,32.675613,1333,-.24485847,36.992565
0540 MOYA,22.222221,44.444443,16.666666,11.111111,18,-2.6878171,23.611111
0541 MUMMY MOUNTAIN,40.269279,46.841476,39.974457,31.210987,839,.0092417169,39.574051
0542 MUSKET,41.706161,50.450451,48.96907,31.067961,222,.43736884,43.048412
0543 MUSTANG,36.080002,43.374424,31.147541,32.432434,1298,-.76885211,35.758598
0544 MYRTLE,55.555557,66.666664,55.555557,38.888889,18,1.0110996,54.166668
0545 MYSTIC,42.442562,50.881317,41.206676,35.234474,851,.33129141,42.441257
0546 NEELY,30.985916,41.496597,42.748093,25.362318,147,-1.0670053,35.148232
0547 NEW RIVER,49.314251,59.347698,51.356468,36.257668,1717,1.733059,49.069023
0548 NICOLET,38.73016,50.773994,37.873753,29.617834,323,-.19770154,39.248936
0549 NIGHTINGALE,43.026318,44.72681,39.693592,31.38587,787,-.11893386,39.708149
0550 NORTERRA,45.525726,48.260868,40.636044,34.514286,920,.42615849,42.23423
0551 NORTH,36.708862,53.164558,24.324324,39.726028,79,.1462834,38.480942
0552 NORTH HIGH,36.974789,37.344398,27.678572,30.088495,241,-1.9510399,33.021564
0553 NORTH MOUNTAIN,44.444443,56.25,44.354839,33.870968,128,.66584706,44.730064
0554 NORTON,41.666668,41.346153,41.489361,32.63158,104,-.33114946,39.28344
0555 NVP 1,,,,,0,,
0556 NVP 10,,,,,0,,
0557 NVP 11,,,,,0,,
0558 NVP 12,,,,,0,,
0559 NVP 13,,,,,0,,
0560 NVP 14,,,,,0,,
0561 NVP 15,,,,,0,,
0562 NVP 16,,,,,0,,
0563 NVP 17,,,,,0,,
0564 NVP 18,,,,,0,,
0565 NVP 19,,,,,0,,
0566 NVP 2,,,,,0,,
0567 NVP 20,,,,,0,,
0568 NVP 21,,,,,0,,
0569 NVP 22,,,,,0,,
0570 NVP 23,,,,,0,,
0571 NVP 3,,,,,0,,
0572 NVP 4,,,,,0,,
0573 NVP 5,,,,,0,,
0574 NVP 6,,,,,0,,
0575 NVP 7,,,,,0,,
0576 NVP 8,,,,,0,,
0577 NVP 9,,,,,0,,
0578 OAK PARK,34.567902,47.619049,45.454544,31.645569,84,-.67376614,39.821766
0579 OAKGROVE,40.716614,47.352024,40.780144,31.849316,321,.011675774,40.174522
0580 OAKHURST,44.244606,45.32872,36.431229,36.059479,289,.18521485,40.516006
0581 OAKTREE,34.186749,39.048992,34.658188,28.043144,694,-1.4117656,33.984268
0582 OAKWOOD COUNTRY CLUB,32.771896,31.203007,36.934155,25.259003,2128,-1.5515529,31.542015
0583 OASIS,40.112995,47.014927,41.468254,28.094303,536,-.10303888,39.172619
0584 OCOTILLO,46.107784,52.906979,46.540882,33.742332,172,.76073033,44.824493
0585 OLD WEST,42.127659,48.535564,40.666668,30.666666,478,-.29946059,40.499138
0586 OLIVE,34.319527,38.766006,32.806805,30.429594,859,-.92435759,34.080482
0587 OLNEY,55.440414,56.14035,49.197861,35.064934,399,1.4594772,48.960892
0588 ONYX,41.778976,49.868767,41.225628,34.254143,381,.16943233,41.781879
0589 OPTIMIST,35.974644,41.112827,43.143814,31.125828,647,-.70306313,37.839279
0590 ORANGE TREE,37.68116,40.758293,34.508816,25.440805,422,-.98725617,34.597267
0591 ORANGEWOOD,29.885057,32.876713,32.448376,19.252874,365,-2.9276505,28.615755
0592 ORANGEWOOD FARMS,42.63158,56.122448,37.777779,36.413044,196,.21630903,43.236214
0593 ORCHID,47.196262,60.305344,50,40.710823,655,1.6498654,49.553108
0594 OREGON,33.105801,41.390728,35.971222,30.208334,302,-1.5053544,35.169022
0595 ORME,47.513813,50.136986,49.090908,30.144928,365,.87562257,44.221657
0596 OSUNA PARK,38.163265,49.593494,34.968018,28.392485,492,-.42253098,37.779316
0597 OVAL,43.08094,58.395988,35.694824,40.909092,399,1.0141168,44.52021
0598 PAINTED MOUNTAIN,37.662338,49.583332,43.074581,34.477612,720,-.25390062,41.199467
0599 PAIUTE,49.41452,55.452435,44.132652,39.119804,431,1.1406711,47.029854
0600 PALISADES,35.082874,47.153027,32.606636,35.367016,1124,-.16917403,37.552387
0601 PALM,35.384617,53.125,32.203388,33.333332,64,-.084446304,38.511585
0602 PALM GARDENS,27.586206,46.551723,39.285713,29.824562,58,-.850532,35.81205
0603 PALM HARBOR,40.967743,49.050632,45.762711,30.693069,316,-.10595962,41.618538
0604 PALM RIDGE,34.055904,38.972641,41.577061,30.977011,1791,-.41466123,36.395653
0605 PALM SHADOWS,39.371532,55.272728,49.115913,36.53846,550,.86884147,45.074657
0606 PALM VALLEY,41.308411,47.292419,46.771038,35.047619,554,.4239656,42.604874
0607 PALMBROOK,41.841003,51.888668,45.788338,35.531914,503,.51257241,43.762482
0608 PALMDALE,54.128441,57.142857,48.514851,24.038462,112,1.084691,45.956154
0609 PALMER,35.897434,42.5,39.361702,29.015545,200,-1.1881388,36.693672
0610 PALO BLANCO,37.110481,50.137741,39.164085,31.570997,726,.4388501,39.495827
0611 PALO CRISTI,31.761787,24.734982,24.833998,19.367588,849,-3.4131677,25.174589
0612 PALO VERDE,40.716614,48.301487,35.730335,36.692223,942,.31831825,40.360165
0613 PALOMINO,39.924671,47.905281,40.466927,31.48855,549,.12992643,39.946358
0614 PAPAGO PARK,39.215687,46.296295,42.26804,23.469387,108,-.92630231,37.812351
0615 PARADA,42.857143,45.744682,37.209301,28.160919,188,-.85907173,38.493011
0616 PARADISE,46.792454,54.347828,43.560608,34.831459,276,1.0232474,44.883087
0617 PARADISE PARK,48.366013,50.638298,42.117119,36.241611,470,.62304205,44.340759
0618 PARK CENTRAL,35.054348,39.743591,31.976744,28.045326,390,-1.8092726,33.705002
0619 PARK MEADOWS,41.552513,49.555557,35.476189,37.002342,450,.064282566,40.896652
0620 PARKRIDGE,45.018452,53.812057,40.535183,33.992466,1128,.60589379,43.339539
0621 PARKWOOD,47.472527,56.709957,40.380047,34.022987,462,.76331538,44.646378
0622 PASEO,41.295547,55.555557,36.595745,34.959351,252,.79634649,42.101551
0623 PAYNE,45.490196,59.469696,44.155846,35.537189,264,1.4650458,46.163231
0624 PEACH TREE,40.325203,40.597954,39.205528,31.75,1271,-.34585035,37.969673
0625 PEAK VIEW,41.289703,45.018799,34.42786,34.095428,1064,-.053493157,38.707947
0626 PEBBLE CREEK,30.531118,32.719189,38.917263,26.368492,3148,-1.1218171,32.134014
0627 PECK,38.383839,52.475246,41.489361,37.234043,101,.38324699,42.395622
0628 PECOS,39.225807,43.631779,38.400002,32.939632,793,-.34913868,38.549305
0629 PEE-POSH,50,80,50,10,10,1.3455282,47.5
0630 PEGASUS,43.084259,51.557632,44.804089,38.047138,642,1.0058404,44.37328
0631 PENA,52.083332,51.034481,51.470589,30.714285,145,.81990045,46.325672
0632 PENNY LANE,29.310345,44.537815,48.245613,24.770641,119,-.73964274,36.716103
0633 PEORIA HEIGHTS,41.610737,57.049179,46.666668,34.237289,305,1.1372387,44.890968
0634 PEPPERWOOD,46.350365,59.139786,43.243244,34.962406,279,.99373603,45.92395
0635 PERRY PARK,47.5,50,35.897434,45,44,.10523266,44.599358
0636 PERRYVILLE,38.18182,51.282051,28.971962,28.037384,117,-.57726115,36.618305
0637 PHELPS,46.784565,56.259907,44.610283,39.314846,631,1.3924878,46.742401
0638 PICADILLY,34.042553,36.549164,27.676767,25.301205,539,-2.0590377,30.892422
0639 PIERCE,39.130436,44.214874,38.738739,32.300884,242,-.80306989,38.596233
0640 PILGRIM,39.285713,39.897259,40.808823,27.377777,1168,-.68168837,36.842392
0641 PILLAR,44.390244,50.238094,49.354004,40.920715,420,.99965036,46.225765
0642 PIMA,35.714287,46.546051,34.900543,29.982363,608,-.63088816,36.785812
0643 PINE VALLEY,38.871475,45.161289,37.086094,34.967319,992,-.34892932,39.021545
0644 PINNACLE PEAK,35.333332,36.607727,32.660168,29.763561,1527,-.86401176,33.591198
0645 PINNACLE WEST,35.181644,38.046513,28.003973,28.115654,1075,-1.2088307,32.336945
0646 PINON,42.857143,48.677883,37.075718,37.709137,832,.29597291,41.579971
0647 PINTO,40.636044,44.148319,36.52174,32.797031,863,-.31314293,38.525784
0648 PIONEER,37.64706,50.968994,36.550308,37.322514,516,.058265138,40.622219
0649 POCO BUENO,41.605839,45.798817,37.615894,30.264816,845,-.21870722,38.821342
0650 POINCIANA,36.894409,43.990383,36.170212,28.181818,832,-.47751382,36.309204
0651 POINSETTIA,37.606838,52.941177,39.545456,40.707966,238,.74075508,42.700359
0652 POINTE,,,,,0,,
0653 POLK,47.36842,40,36.842106,26.31579,20,-1.9540219,37.63158
0654 PONDEROSA,48.913044,52.83688,41.06464,33.455883,282,.82534671,44.067612
0655 PORT ROYALE,43.236073,48.484848,41.379311,33.681461,396,.27832854,41.695423
0656 PORTER,33.9823,45.753899,34.935307,29.945553,577,-1.1073296,36.154266
0657 PORTLAND,49.166668,53.846153,40.444443,36.051502,247,.96799541,44.87719
0658 PORTOBELLO,39.824303,45.106384,38.366718,27.164179,705,-.31899548,37.615395
0659 POWDERHORN RANCH,35.369774,40.247677,26.688103,32.899021,323,-1.3164634,33.801144
0660 POWER RANCH,49.243855,53.611111,45.257732,44.044044,1080,1.7180041,48.039185
0661 PRASADA,49.494949,58.284599,48.547718,41.851105,513,1.6927137,49.544594
0662 PRINCESS,47.480621,51.335876,38.114754,41.717793,524,1.065258,44.662262
0663 PUEBLO,41.721855,47.323341,33.412888,32.3741,467,-.24190179,38.708046
0664 PUEBLO GRANDE,34.615383,56.363636,48.936169,29.411764,55,.20476992,42.331738
0665 PURPLE SAGE,44.954128,53.603603,45.370369,31.651377,222,.39309502,43.894871
0666 PYRAMID PEAK,39.245667,48.508945,41.918102,31.865828,1006,.071001634,40.384636
0667 QUAIL RUN,36.918991,47.712418,41.258739,33.060108,765,.026470223,39.737564
0668 QUEEN CREEK,49.64706,58.275864,47.461929,41.820419,870,1.8991808,49.301319
0669 QUENTIN,49.358974,55.696201,43.356644,37.086094,158,.96318597,46.374477
0670 RAINBOW VALLEY,43.26923,57.311321,52.658226,37.07317,424,1.2918377,47.577988
0671 RAINTREE,42.462845,48.240166,36.241611,39.293598,483,.32107008,41.559555
0672 RANCHO,34.808258,37.016575,29.320988,26.888218,362,-2.1575396,32.008511
0673 RANCHO MIRAGE,54.761906,58.229813,47.804878,32.903225,644,1.2824665,48.424957
0674 RANCHO PALOMA,48.695652,54.312798,45.641026,36.767677,1055,1.3730444,46.354286
0675 READE,41.599998,45.669292,42.608696,25.203253,127,-.56044322,38.770309
0676 RED MOUNTAIN,34.010601,45.571796,42.438129,33.815552,1163,-.3792038,38.959019
0677 REDDEN,35.598705,41.121494,30.952381,25.252525,321,-1.7235061,33.231277
0678 REDSTONE,35.214008,40.796963,38.229168,34.517765,1054,-.27217555,37.189476
0679 REDWING,40,48.361935,38.552189,34.19244,641,-.095453352,40.276642
0680 REED PARK,40.350876,48.57143,40.506329,37.65432,175,-.18321343,41.770737
0681 REEMS,46.271187,57.52066,45.936398,36.474693,605,1.2431276,46.550735
0682 REFLECTION,32.846714,39.007092,39.534885,21.09375,141,-1.8481971,33.120609
0683 REGAL,38.682255,44.421272,35.039818,34.433445,959,-.31461298,38.144196
0684 RESERVE,45.510838,51.506023,40.728477,40.575081,332,.69584757,44.580105
0685 RHODES,39.403973,51.757187,34.013607,30.872482,313,-.10962058,39.01181
0686 RIATA,40.637451,54.738876,40.124741,39.425053,517,.92476571,43.731529
0687 RIDGEWOOD,46.288208,53.371593,49.068321,41.327301,697,1.4559695,47.513855
0688 RIMROCK,33.483147,38.688526,38.35947,26.27907,915,-1.0521113,34.202553
0689 RIO MONTANA,38.767124,44.892471,34.909595,39.082058,744,.056540925,39.412811
0690 RIO PASEO,40.89027,47.599998,45.576706,32.216217,1000,.18165573,41.570797
0691 RIO SALADO,42.328041,55.102039,43.093922,22.527473,196,-.38768655,40.762871
0692 RIO VERDE,37.926567,50.680851,42.605949,36.889694,2350,.74959534,42.025764
0693 RITTENHOUSE,45.615276,59.106529,47.878788,34.589802,1455,1.3060433,46.7976
0694 RIVERSIDE,43.26923,54.71698,41.304348,36.363636,106,.18886055,43.913548
0695 RIVERVIEW,35.103928,39.863327,35.071091,26.73031,439,-1.4404546,34.192165
0696 RIVIERA,44.878048,51.184834,37.468983,36.138615,422,.66432106,42.417618
0697 ROADMASTER,48.5,54.368931,41.62162,41.96891,206,1.0946463,46.614864
0698 ROADRUNNER,31.666666,33.333332,41.509434,17.241379,60,-1.8188882,30.937702
0699 ROBBINS BUTTE,46.296295,62.962963,65.384613,33.962265,54,2.1670871,52.151535
0700 ROCKLEDGE,37.473682,47.19101,36.894272,33.441208,979,-.37680647,38.750042
0701 ROCKWOOD,44.131454,49.537037,43.349754,32.843136,216,.63850123,42.465347
0702 ROESER,47.2103,49.367088,45.535713,27.155172,237,-.020701641,42.31707
0703 ROLLING HILLS,37.037037,42.985073,40.065147,29.042904,335,-1.1209409,37.282539
0704 ROMA,52.777779,61.061947,34.905659,31.067961,113,.96212405,44.953335
0705 ROMA PARK,40,54.347828,37.5,45.238094,46,.32960352,44.271481
0706 ROSE,39.619049,44.464943,35.420742,25.145067,542,-.41512927,36.162449
0707 ROSE GARDEN,40.953949,53.870968,52.166378,31.028667,620,.73917061,44.50499
0708 ROSE MOFFORD,43.877552,47.524754,35.869564,29.292929,101,.27044496,39.141201
0709 ROTARY PARK,35.756386,41.729324,32.57732,25.760649,532,-1.3122438,33.955921
0710 ROVEY,34.146343,36.68639,24.050632,28.125,338,-1.9248652,30.75209
0711 ROYAL OAK,32.173912,37.963943,37.113403,29.411764,943,-1.204788,34.165756
0712 RUBY,39.432991,42.355888,37.465565,27.466667,399,-1.1102724,36.680279
0713 RUSSET,45.519714,56.199306,42.435898,31.644005,863,.84407747,43.94973
0714 SADDLE RIDGE,38.418476,42.778542,41.384388,30.620985,1454,-.27781078,38.300598
0715 SAGEBRUSH,42.025471,48.929844,39.767593,36.489899,1682,.35901901,41.8032
0716 SAGUARO,35.321716,46.440235,30.36577,32.07283,1531,-.40117434,36.050137
0717 SAHUARO RANCH,38.337803,48.177082,43.539326,31.266846,384,.040811211,40.330265
0718 SALOME,50.993378,51.298702,48.29932,29.333334,154,.94541609,44.981182
0719 SALT RIVER,40.765766,45.140388,39.568344,23.255814,463,-.85774881,37.182579
0720 SAN ANGELO,37.398373,47.949528,41.426147,33.053692,634,.032893632,39.956936
0721 SAN LUCY,0,0,0,0,1,-7.0881362,0
0722 SAN MARCOS,42.068966,49.169434,38.545456,38.848923,301,.086782522,42.158195
0723 SAN MICHELLE,39.100079,48.328266,41.162029,32.128513,1316,-.1839022,40.179722
0724 SAN MIGUEL,50.505051,58,46.666668,40,100,1.5065625,48.792931
0725 SAN MONTEGO,53.968254,60.317459,57.627117,37.288136,63,1.9721898,52.30024
0726 SAN PEDRO,38.815788,46.855347,42.662117,31.879194,318,-.23420486,40.053112
0727 SAN SIMON,31.830238,40.350876,30.812325,34.818943,399,-1.0292711,34.453094
0728 SAN VICTOR,38.353764,45.826237,33.21101,30.727272,587,-.51407331,37.029572
0729 SANDIA,36.483932,44.79554,36.38171,30.919765,538,-.72459817,37.145237
0730 SANDPIPER,39.740261,49.240505,41.07143,37.380627,790,.47220585,41.858208
0731 SANTA FE,43.506493,47.8125,48.442905,32.781456,320,.42735338,43.135838
0732 SANTA MARIA,43.589745,56.25,38.666668,29.870131,80,.35173985,42.094135
0733 SANTAN,43.521595,57.467533,44.280441,41.155235,308,1.5997478,46.606201
0734 SANTO,38.05875,42.35006,30.11734,32.985657,817,-.68704855,35.877953
0735 SARATOGA,39.411766,41.991341,34.862385,30.298508,693,-.29510352,36.640999
0736 SARIVAL,46.199409,53.928226,47.379238,38.211384,1031,1.2487589,46.429565
0737 SCOTTSDALE,48.888889,46.38298,30.373833,31.422018,470,-.11928412,39.26693
0738 SCUDDER,33.779762,42.424244,36.970684,33.544304,693,-.89726901,36.679749
0739 SELLS,50.524933,59.662777,45.098038,35.519127,771,1.499492,47.701218
0740 SENNIA VISTA,38.918919,44.615383,38.505749,32.608696,195,-.40723619,38.662186
0741 SENTINEL,40,100,50,25,6,3.0352445,53.75
0742 SENTRY,43.947369,53.435116,36.065575,38.482384,393,.97463804,42.982613
0743 SEVILLA,40.294117,52.722061,46.46154,32.937687,349,.54014409,43.103851
0744 SEVILLE,42.426273,52.761532,36.948662,39.662449,1539,1.0612267,42.94973
0745 SHADOW ROCK,33.030304,38.505749,32.492115,28.105591,696,-1.447456,33.03344
0746 SHADY GLEN,42.57143,58.426968,39.329269,29.585798,356,.74182647,42.478367
0747 SHALIMAR,35.245903,40,34.497818,31.390135,250,-1.2277615,35.283463
0748 SHASTA,35.267036,40.616501,37.319191,30.27179,1103,-.49952531,35.868629
0749 SHAW BUTTE,38.716816,44.759827,37.354988,27.5,458,-.43321666,37.082909
0750 SHEA,37.200001,47.244095,40.707966,37.759335,254,.14535309,40.727848
0751 SHEENA,36.997318,43.512451,38.202248,32.913166,763,-.62571764,37.906296
0752 SHEFFIELD,35.555557,36.842106,28.235294,27.272728,95,-2.5069206,31.976421
0753 SIERRA HILLS,37.069725,39.297947,30.727272,33.938293,1168,-.80217218,35.258308
0754 SIERRA MADRE,36.195507,47.718384,42.918453,28.254848,767,-.31957287,38.771797
0755 SIERRA PASS,36.212624,38.505749,35.346359,28.533333,1218,-1.0243435,34.649517
0756 SIERRA VERDE,42.038216,50.519749,42.369022,31.390135,481,.30339807,41.579281
0757 SIERRA VISTA,42.64706,48.936169,34.615383,31.851852,141,-.15130262,39.512615
0758 SIESTA,38.011696,52.33918,46.951218,35.168194,342,.50033206,43.117573
0759 SILVER CREEK,46.559849,60.634327,49.491871,40.019764,1072,1.8444699,49.176453
0760 SILVER SPUR,35.509903,37.652111,26.506023,34.992344,1397,-.86355513,33.665096
0761 SILVERADO,40.740742,44.047619,41.324921,29.268293,336,-.5863812,38.845394
0762 SIMIS,30.275229,33.768116,27.099842,28.100471,690,-2.4637954,29.810915
0763 SKY HAWK,34.336285,38.927334,40.111938,32.446808,578,-.34392607,36.455589
0764 SKY VIEW,40.987125,49.789917,46.082951,36.42384,476,.76297104,43.320957
0765 SLEEPY RANCH,45.839417,53.008595,42.857143,37.614677,698,.95726025,44.829956
0766 SOLANO,26.279863,35.256409,27.659575,25.270758,312,-2.3691976,28.616652
0767 SOLCITO,26.851852,24.62908,17.948717,16.403786,337,-4.4813819,21.458359
0768 SOLEDAD,46.325878,59.047619,48.026318,37.623764,315,1.3132132,47.755894
0769 SONOQUI,43.770386,56.40863,41.937817,38.563457,1576,1.0672621,45.170074
0770 SOSSAMAN,42.181236,56.112854,43.059238,38.586029,1276,1.0836287,44.98484
0771 SOUTH MTN HIGH,42.708332,42.857143,36.559139,35.106384,98,-.55939251,39.307751
0772 SOUTH MTN PARK,28.985508,42.028984,26.153847,41.791046,69,-1.3059994,34.739845
0773 SOUTH MTN PARK EAST,,,,,0,,
0774 SOUTH MTN PARK NE,,,,,0,,
0775 SOUTH MTN PARK SE,,,,,0,,
0776 SOUTH MTN PARK SOUTH,,,,,0,,
0777 SOUTH MTN PARK SW,,,,,0,,
0778 SOUTHERN,37.864079,50.96154,42.553192,30.612246,104,-.22463329,40.497765
0779 SPANISH GARDEN,38.156029,40.275864,42.465752,35.209236,725,.074204907,39.026718
0780 SPRINGFIELD,37.992832,47.183098,45.692883,24.242424,284,-.7530722,38.777809
0781 SPRINGS,36.222912,45.645645,37.248322,28.990229,333,-.59566081,37.026775
0782 SPRUCE,40.151516,49.624062,38.842976,37.121212,133,.25766096,41.43494
0783 SPUR,46.889088,51.03986,40.401146,44.516129,1154,1.2861229,45.711555
0784 ST CHRISTOPHER,37.250553,42.197803,42.757008,27.842228,455,-.43237627,37.511898
0785 ST FRANCIS,38.367348,43.47826,38.596493,31.063829,253,-.45920369,37.876484
0786 ST MORITZ,46.218487,52.066116,39.092873,36.051502,484,.8804847,43.357246
0787 STARDUST,38.19302,46.963562,36.53846,33.958332,494,-.082532637,38.913345
0788 STARLIGHT,43.26923,52.830189,56,36.53846,106,1.3169663,47.15947
0789 STELLA,35.59322,46.486488,44.508671,32.947975,185,.13921234,39.884087
0790 STELLAR,38.888889,44.489384,36.201118,31.011969,989,-.65707111,37.647839
0791 STONEGATE,41.759998,43.67284,38.741722,37.479271,648,.48213676,40.41346
0792 STRADA,44.444443,66.666664,11.111111,33.333332,9,.73386508,38.888885
0793 STUMP,45.614037,43.548386,28.813559,27.868853,62,-.51852357,36.461208
0794 SUMMERSIDE,43.243244,53.543308,38.395416,35.933147,381,.041263547,42.778778
0795 SUMMERSTAR,31.325302,35.225048,39.69957,30.208334,511,-1.096187,34.114563
0796 SUN AIRE,40.338505,54.532776,43.531204,30.825958,717,.44689596,42.30711
0797 SUN CITY,37.349396,41.535435,41.991787,28.42742,1016,-.22923259,37.326008
0798 SUN DEVIL,45.263157,44.554455,30.681818,40.65934,101,-.15514547,40.289692
0799 SUN GROVES,39.893616,49.097939,46.883854,37.431694,776,.5050388,43.326775
0800 SUN LAKES COUNTRY CLUB,37.738247,39.06057,40.88472,29.015545,809,-.44270405,36.67477
0801 SUN TRAILS,31.425976,42.161205,36.596958,26.448599,1129,-1.4716675,34.158184
0802 SUN VALLEY,41.463413,45.32872,47.517731,31.338028,289,.53572953,41.411972
0803 SUNBURST,42.5,54.742546,39.285713,38.616714,369,.8430202,43.786243
0804 SUNCLIFF,42.052979,47.882736,45.762711,38.047138,307,.53067434,43.43639
0805 SUNDANCE,39.73064,56.72131,40.893471,31.081081,305,.42349008,42.106625
0806 SUNDANCE WEST,40.672073,50.565609,39.298672,34.166668,884,.066217482,41.175755
0807 SUNDOWN,36.516853,39.726028,33.480827,26.500732,730,-1.4487432,34.05611
0808 SUNFLOWER,50,100,33.333332,66.666664,6,2.9923432,62.5
0809 SUNLAND,45.192307,41.58416,55,32,101,.13652857,43.444115
0810 SUNLAND VILLAGE,35.138184,41.625206,38.337322,26.561588,1809,-.95935708,35.415573
0811 SUNNY HIGH,30.74074,36.823105,29.492188,26.26552,1108,-2.1006045,30.830387
0812 SUNNYSIDE,39.423077,42.452831,37.873753,29.702971,318,-.42295241,37.363159
0813 SUNNYSLOPE,47.008549,49.166668,41.85022,37.991268,240,.74042761,44.004177
0814 SUNNYVALE,40.871712,51.86084,35.657547,33.708839,1236,.19079347,40.524734
0815 SUNRISE,47.10611,53.773586,45.563141,33.278419,636,1.1264473,44.930313
0816 SUNSET HILLS,48.754063,57.127544,48.741417,38.863636,933,1.4304488,48.371666
0817 SUNSET RIDGE,47.560974,53.57143,41.25,44.871796,84,.85709113,46.813549
0818 SUNUP,38.421051,48.36272,32.231403,31.117022,397,-.42968187,37.533051
0819 SUPAI,43.544857,49.684212,34.841629,33.037693,475,-.044401024,40.2771
0820 SURPRISE,36.705204,44.380402,35.443039,25,347,-.7750603,35.38216
0821 SURPRISE FARMS,49.919483,60.987263,51.70068,42.314049,628,2.1331353,51.23037
0822 SURREY,42.798355,50.403225,35.042736,30.833334,248,.035231575,39.769413
0823 SUTTON,39.539749,45.121952,32.017544,31.848553,492,-.31706268,37.13195
0824 SWEETWATER,39.377289,47.787609,39.458412,31.25,565,-.45800337,39.468327
0825 TABLE MESA,33.333332,38.095238,50,30,21,-1.3082683,37.857143
0826 TARO,40.958267,49.923897,39.365078,34.850864,657,.38226542,41.274529
0827 TARTESSO,47.906979,57.241379,48.540146,35.985748,870,1.254379,47.418564
0828 TATUM,37.109825,43.424038,38.357841,30.207064,882,-.27889636,37.274693
0829 TERRAVITA,38.686924,37.354496,32.641617,30.87739,1890,-.7858783,34.890106
0830 TESSERA,57.5,52.380951,40.476189,43.589745,42,1.7076076,48.486721
0831 THOMAS,40.76923,41.044777,43.902439,34.645668,134,-.088803627,40.09053
0832 THUNDERHILL,44.917259,50.228832,42.80397,36.561745,874,.52855384,43.627953
0833 TIERRA ESTE,33.165829,46.885246,37.769783,26.785715,610,-1.1443568,36.151642
0834 TIERRA MADRE,44.724106,49.33712,41.675392,33.672432,1056,.56060153,42.352264
0835 TIERRA NORTE,43.137257,55.660378,44.329895,44.444443,106,1.4005082,46.892994
0836 TIGER MOUNTAIN,40.15625,37.821484,40.09901,29.888712,661,-.34952575,36.991364
0837 TILLMAN,46.508877,48.428406,46.75,28.797083,859,.6125924,42.62109
0838 TOLLESON,38.709679,53.846153,48.965519,31.578947,156,.29024389,43.275074
0839 TONOPAH,53.133514,59.517426,52.272728,34.818943,373,1.6186441,49.935654
0840 TONTO,36.675701,49.019608,40.384617,30.849056,1122,-.11673972,39.232246
0841 TOPEKA,37.721519,45.79208,42.440319,31.510416,404,-.20879054,39.366085
0842 TORTILLA FLAT,66.666664,66.666664,0,66.666664,3,2.660928,50
0843 TOWNE MEADOWS,37.162163,47.802929,44.159546,37.254902,751,-.06917958,41.594887
0844 TOWNLEY,43.421051,41.463413,29.333334,22.5,82,-1.2669125,34.179451
0845 TRADITIONS,37.843136,40.019012,36.625515,29.282869,1052,-.54016936,35.942635
0846 TRAILSIDE,42.238266,51.943462,36.226414,34.814816,283,.11050925,41.30574
0847 TRAMONTO,48.672565,55.376343,46.613087,39.909298,930,1.6057518,47.642822
0848 TRES,,,,,0,,
0849 TRES RIOS,41.228069,57.391304,54.285713,33.644859,115,1.2735209,46.637486
0850 TREVOR BROWNE,48.979591,46.464645,46.315788,29.896908,99,.69732296,42.914234
0851 TRILOGY,46.689114,57.632744,48.313251,43.391811,904,1.822713,49.006729
0852 TUCKEY,34.848484,43.283581,31.147541,23.076923,67,-1.5894946,33.089134
0853 TULANE,39.370079,37.435898,37.64045,26.666666,390,-1.0841289,35.278275
0854 TUMBLEWEED,42,46.405228,42.758621,36.42384,153,.10601959,41.896923
0855 TURF PARADISE,37.229439,48.333332,37.610619,36.123348,240,-.15792347,39.824184
0856 TURNEY,40.192924,44.09938,34.137932,30.434782,322,-1.0658518,37.216255
0857 TUTHILL,43.694141,51.299328,46.161934,34.311741,1039,.66507655,43.866787
0858 TWILIGHT,48.907104,54.301075,48.3965,31.920904,372,.98063737,45.881397
0859 TWIN BUTTES,42.396313,50.442478,39.712917,32.86385,226,-.16946894,41.353889
0860 UNO,,,,,0,,
0861 USERY PASS,41.568626,44.701347,39.855072,37.195122,1038,-.069669977,40.83004
0862 VALENCIA,41.333332,39.743591,53.246754,27.272728,78,-.42360446,40.399101
0863 VALENCIA GROVES,31.030151,44.240196,39.733334,29.182878,816,-.85227847,36.046638
0864 VAN BUREN,45.454544,11.111111,10,10,9,-4.3177724,19.141415
0865 VAN NESS,40.434784,45.991562,40.454544,30.18018,237,-.4243277,39.265266
0866 VARNEY PARK,44.788731,52.054794,41.42012,30.3207,365,.034759089,42.146088
0867 VELERO,38.768116,48.442905,39.922482,25.287355,289,-.26100156,38.105213
0868 VERANO,40.225563,44.954128,43.333332,29.941292,545,-.30682099,39.613579
0869 VERMONT,46.014492,48.754448,44.961239,33.458645,281,.24015304,43.297207
0870 VERRADO,45.691055,56.474258,51.118759,37.147594,641,1.3914797,47.607918
0871 VETERANS OASIS,50.765305,55.990219,45.454544,47.244095,409,1.7318825,49.863541
0872 VICTORY,44.444443,51.578949,53.164558,43.529411,95,.79168254,48.17934
0873 VILLA DE PAZ,40.322582,53.359684,41.493774,32.653061,253,.20733044,41.957275
0874 VILLA RITA,43.046356,45.512821,38.876404,31.674208,468,-.079672754,39.777447
0875 VINEYARD,42.857143,47.777779,36.085629,34.310852,360,.032358784,40.257851
0876 VIRGINIA,44.390244,47.072601,41.5,36.272041,427,.4269079,42.308723
0877 VISTA,36.976048,46.312683,31.067961,32.668713,678,-.59940487,36.756351
0878 VISTA VERDE,37.5,51.149426,38.888889,39.634148,174,.65879625,41.793114
0879 VISTANCIA,49.321266,57.095711,49.072929,40.85006,909,1.6443361,49.084991
0880 VOGEL,39.873417,52.024921,38.602329,31.544716,642,.047468297,40.511345
0881 WACKER PARK,41.959064,45.114941,42.319748,32.724506,696,-.066863544,40.529564
0882 WADDELL,44.343304,53.494282,49.782925,36.2117,787,1.1500463,45.958054
0883 WAGGONER,32.925472,37.901501,32.972324,29.452852,934,-1.6753724,33.313038
0884 WAHALLA,43.47826,45.961994,36.945171,31.13924,842,-.17757142,39.381165
0885 WARNER,48.947369,53.886009,46.486488,37.297298,193,.77588093,46.654289
0886 WATER WORKS,38.016529,50.49342,37.804878,33.163265,608,-.14830267,39.869522
0887 WATSON,40.125393,50.778816,43.288589,33.333332,321,.11518198,41.881531
0888 WEINBERG,40.236149,52.701508,40.625,38.606403,1129,.76263958,43.042267
0889 WELDON,44,51.960785,47.474747,25.490196,102,.5802083,42.23143
0890 WENDY,37.377048,42.675159,33.333332,24.40678,314,-.9038443,34.448082
0891 WEST PLAZA,44.339622,45.28302,40.816326,33.653847,106,.2356898,41.023205
0892 WEST POINT,45,48.076923,46.052631,31.25,572,.53360391,42.594887
0893 WEST WING,48.641766,56.312294,46.747211,38.219425,1204,1.4085078,47.480175
0894 WESTAR,45.65678,53.131523,46.906635,40.642303,958,1.2329675,46.584312
0895 WESTBROOK,36.806084,43.703148,40.064884,29.490196,1334,-.45796946,37.516079
0896 WESTERN STAR,37.5,45.471699,36.19632,38.979591,530,-.50329155,39.536903
0897 WESTGREEN PARK,40.874523,47.752808,40.039841,33.526012,534,.087939598,40.548294
0898 WESTRIDGE,56.910568,55.645161,52.293579,39.655174,124,1.8935735,51.126122
0899 WESTWARD HO,37.234043,43.814434,40.804596,35.675674,194,-.30052245,39.382187
0900 WESTWIND,45.495495,53.017242,48.792271,37.962963,232,1.0144768,46.316994
0901 WESTWOOD,25.465839,36.57056,27.564102,19.68,659,-4.0795393,27.320126
0902 WESTWORLD,38.228439,43.200001,31.314356,32.498474,1750,-.57239914,36.310318
0903 WHITE TANK,50,70,52,51.315788,80,2.6280704,55.828949
0904 WHITEWING,41.631622,51.111111,44.147465,39.052727,1215,.73501211,43.985733
0905 WHITTIER,29.268293,36.470589,20.779221,31.168831,85,-2.3593352,29.421734
0906 WHITTON,27.631578,26.582279,29.333334,26.027397,79,-2.973563,27.393646
0907 WHYMAN,42.045456,45.505619,42.682926,36.68639,178,.33043295,41.730099
0908 WICKENBURG,40.185097,49.905483,44.04332,34.867435,2116,.41128117,42.250336
0909 WIER,39.155472,40.782124,38.966202,24.665392,537,-.58812451,35.892296
0910 WIGWAM,37.35294,42.53521,39.610893,30.418251,1420,-.86597234,37.479324
0911 WIGWAM CREEK,37.070255,50.072781,39.660492,29.411764,687,-.14331731,39.053822
0912 WIKIEUP,44.225353,53.133514,46.220932,35.42857,367,.86311948,44.75209
0913 WILDER,28.15534,31.101021,24.937965,22.250317,881,-3.1724391,26.61116
0914 WILDFLOWER,49.633701,58.27338,44.660194,37.714287,556,1.2789983,47.570389
0915 WILDWOOD,40.956341,47.464504,37.826088,38.828632,493,-.089907661,41.26889
0916 WILLIAMS FIELD,41.954021,51.324966,45.701359,30.938416,717,.48979226,42.479691
0917 WILLIS,39.884392,48.075119,43.947102,37.5,1065,.58645588,42.351654
0918 WILLOW,28.40691,41.28788,29.282869,29.019608,528,-1.2938819,31.999317
0919 WILLOW CANYON,49.02174,59.526371,47.276939,36.973835,929,1.5349858,48.199722
0920 WILSHIRE,24.858757,27.777779,22.058823,20.670391,378,-4.1678495,23.841438
0921 WINDMERE,49.125874,55.723907,43.692871,39.247311,594,1.0831639,46.947491
0922 WINDMILL,37.078651,41.711231,40.462429,34.09742,374,-.54633695,38.337433
0923 WINDROSE,41.993958,56.78466,48.148148,37.774296,678,1.1232141,46.175266
0924 WITTMANN,49.805824,58.77277,49.541283,35.564434,1043,1.668054,48.421078
0925 WOLF RUN,36.260624,41.724617,41.778774,30.094271,1438,-.27546114,37.464573
0926 WOOD,37.439999,49.289101,37.181664,31.735537,633,-.077819183,38.911575
0927 WOODGLEN,38.175045,47.282608,43.511452,31.156717,552,-.22673799,40.031456
0928 XAVIER,45.54974,45.454544,39.664806,30.97826,198,-.25105318,40.411839
0929 YALE,45.161289,60.126583,52.739727,39.455784,158,1.2997051,49.370846
0930 YOUNGTOWN,43.902439,50.489235,38.75803,33.615223,511,.20948046,41.691231
0931 YUCATAN,54.411766,58.454105,56.122448,45.268543,414,2.2370372,53.564217
0932 YUCCA,28.551912,34.036938,28.312412,26.422764,758,-2.2277136,29.331007
0933 YUKON,44.773792,49.84568,46.590908,34.400002,648,.81726271,43.902596
0934 YUMA,41.530056,46.791443,36.705204,31.714285,374,-.1468482,39.185246
0935 ZUNI HILLS,50.440918,58.247421,43.828716,38.046116,1746,1.3132738,47.640793
,,,,,0,,
